order_id,product_id,supplier_id,warehouse_id,quantity_ordered,unit_cost_gbp,total_cost_gbp,order_date,expected_delivery_date,actual_delivery_date,lead_time_days,transport_mode,weight_kg_total,is_urgent_order,order_status
PO-000001,PRD-00001,SUP-006,WH-001,150,4.99,748.5,2024-01-21,2024-02-02,2024-02-01,12,ROAD,367.35,False,DELIVERED
PO-000002,PRD-00001,SUP-006,WH-002,180,5.03,905.4,2024-03-24,2024-04-08,2024-04-09,15,ROAD,440.82,False,DELIVERED
PO-000003,PRD-00001,SUP-006,WH-002,204,5.11,1042.44,2024-05-23,2024-06-05,2024-06-07,13,ROAD,499.6,False,DELIVERED
PO-000004,PRD-00001,SUP-006,WH-001,222,4.94,1096.68,2024-07-26,2024-08-07,2024-08-07,12,ROAD,543.68,False,DELIVERED
PO-000005,PRD-00001,SUP-006,WH-003,204,4.94,1007.76,2024-09-28,2024-10-11,2024-10-13,13,ROAD,499.6,False,DELIVERED
PO-000006,PRD-00001,SUP-006,WH-003,276,5.07,1399.32,2024-11-27,2024-12-07,2024-12-07,10,ROAD,675.92,False,DELIVERED
PO-000007,PRD-00001,SUP-006,WH-001,150,5.06,759.0,2025-01-22,2025-02-04,2025-02-03,13,ROAD,367.35,False,DELIVERED
PO-000008,PRD-00001,SUP-006,WH-003,180,4.84,871.2,2025-03-28,2025-04-12,2025-04-11,15,ROAD,440.82,False,DELIVERED
PO-000009,PRD-00001,SUP-006,WH-002,204,4.91,1001.64,2025-05-30,2025-06-13,2025-06-12,14,ROAD,499.6,False,DELIVERED
PO-000010,PRD-00001,SUP-006,WH-001,216,5.02,1084.32,2025-08-03,2025-08-16,2025-08-15,13,ROAD,528.98,False,DELIVERED
PO-000011,PRD-00001,SUP-006,WH-001,222,4.87,1081.14,2025-10-07,2025-10-18,2025-10-21,11,ROAD,543.68,False,DELIVERED
PO-000012,PRD-00001,SUP-006,WH-002,306,4.93,1508.58,2025-12-03,2025-12-16,2025-12-16,13,ROAD,749.39,False,DELIVERED
PO-000013,PRD-00002,SUP-006,WH-002,240,3.26,782.4,2024-01-14,2024-01-26,2024-01-25,12,ROAD,593.52,False,DELIVERED
PO-000014,PRD-00002,SUP-006,WH-002,288,3.27,941.76,2024-03-13,2024-03-25,2024-03-25,12,ROAD,712.22,False,DELIVERED
PO-000015,PRD-00002,SUP-006,WH-002,312,3.19,995.28,2024-05-14,2024-05-28,2024-05-30,14,ROAD,771.58,False,DELIVERED
PO-000016,PRD-00002,SUP-006,WH-002,336,3.26,1095.36,2024-07-15,2024-07-27,2024-07-30,12,ROAD,830.93,False,DELIVERED
PO-000017,PRD-00002,SUP-006,WH-002,312,3.25,1014.0,2024-09-15,2024-09-28,2024-10-01,13,ROAD,771.58,False,DELIVERED
PO-000018,PRD-00002,SUP-006,WH-001,408,3.34,1362.72,2024-11-10,2024-11-26,2024-11-26,16,ROAD,1008.98,False,DELIVERED
PO-000019,PRD-00002,SUP-006,WH-002,240,3.24,777.6,2025-01-05,2025-01-15,2025-01-16,10,ROAD,593.52,False,DELIVERED
PO-000020,PRD-00002,SUP-006,WH-001,288,3.17,912.96,2025-03-09,2025-03-21,2025-03-21,12,ROAD,712.22,False,DELIVERED
PO-000021,PRD-00002,SUP-006,WH-003,312,3.1,967.2,2025-05-08,2025-05-18,2025-05-19,10,ROAD,771.58,False,DELIVERED
PO-000022,PRD-00002,SUP-006,WH-001,336,3.21,1078.56,2025-07-12,2025-07-24,2025-07-27,12,ROAD,830.93,False,DELIVERED
PO-000023,PRD-00002,SUP-006,WH-003,312,3.22,1004.64,2025-09-06,2025-09-19,2025-09-20,13,ROAD,771.58,False,DELIVERED
PO-000024,PRD-00002,SUP-006,WH-002,408,3.31,1350.48,2025-11-09,2025-11-23,2025-11-26,14,ROAD,1008.98,False,DELIVERED
PO-000025,PRD-00003,SUP-006,WH-001,200,4.35,870.0,2024-01-09,2024-01-20,2024-01-20,11,ROAD,305.6,False,DELIVERED
PO-000026,PRD-00003,SUP-006,WH-001,200,4.32,864.0,2024-03-08,2024-03-23,2024-03-25,15,ROAD,305.6,False,DELIVERED
PO-000027,PRD-00003,SUP-006,WH-003,200,4.57,914.0,2024-05-03,2024-05-19,2024-05-20,16,ROAD,305.6,False,DELIVERED
PO-000028,PRD-00003,SUP-006,WH-003,200,4.4,880.0,2024-06-29,2024-07-11,2024-07-10,12,ROAD,305.6,False,DELIVERED
PO-000029,PRD-00003,SUP-006,WH-002,200,4.29,858.0,2024-08-28,2024-09-10,2024-09-09,13,ROAD,305.6,False,DELIVERED
PO-000030,PRD-00003,SUP-006,WH-001,200,4.21,842.0,2024-10-27,2024-11-13,2024-11-14,17,ROAD,305.6,False,DELIVERED
PO-000031,PRD-00003,SUP-006,WH-002,300,4.36,1308.0,2024-12-21,2025-01-02,2025-01-03,12,ROAD,458.4,False,DELIVERED
PO-000032,PRD-00003,SUP-006,WH-001,200,4.53,906.0,2025-02-14,2025-03-08,2025-03-08,22,ROAD,305.6,False,DELIVERED
PO-000033,PRD-00003,SUP-006,WH-003,200,4.34,868.0,2025-04-14,2025-04-28,2025-05-01,14,ROAD,305.6,False,DELIVERED
PO-000034,PRD-00003,SUP-006,WH-003,200,4.52,904.0,2025-06-13,2025-06-30,2025-07-02,17,ROAD,305.6,False,DELIVERED
PO-000035,PRD-00003,SUP-006,WH-001,200,4.28,856.0,2025-08-17,2025-08-27,2025-08-30,10,ROAD,305.6,False,DELIVERED
PO-000036,PRD-00003,SUP-006,WH-003,200,4.3,860.0,2025-10-17,2025-10-31,2025-10-31,14,ROAD,305.6,False,DELIVERED
PO-000037,PRD-00003,SUP-006,WH-003,300,4.43,1329.0,2025-12-18,2026-01-01,2025-12-31,14,ROAD,458.4,False,DELIVERED
PO-000038,PRD-00004,SUP-006,WH-002,100,11.98,1198.0,2024-01-28,2024-02-08,2024-02-09,11,ROAD,117.4,False,DELIVERED
PO-000039,PRD-00004,SUP-006,WH-001,100,12.75,1275.0,2024-03-12,2024-03-24,2024-03-25,12,ROAD,117.4,False,DELIVERED
PO-000040,PRD-00004,SUP-006,WH-003,100,12.74,1274.0,2024-04-27,2024-05-10,2024-05-11,13,ROAD,117.4,False,DELIVERED
PO-000041,PRD-00004,SUP-006,WH-002,200,12.65,2530.0,2024-06-11,2024-06-23,2024-06-22,12,ROAD,234.8,False,DELIVERED
PO-000042,PRD-00004,SUP-006,WH-003,200,12.36,2472.0,2024-07-27,2024-08-08,2024-08-07,12,ROAD,234.8,False,DELIVERED
PO-000043,PRD-00004,SUP-006,WH-003,200,12.62,2524.0,2024-09-10,2024-09-20,2024-09-19,10,ROAD,234.8,False,DELIVERED
PO-000044,PRD-00004,SUP-006,WH-001,200,12.38,2476.0,2024-10-21,2024-11-06,2024-11-05,16,ROAD,234.8,False,DELIVERED
PO-000045,PRD-00004,SUP-006,WH-003,200,12.88,2576.0,2024-11-30,2024-12-10,2024-12-11,10,ROAD,234.8,False,DELIVERED
PO-000046,PRD-00004,SUP-006,WH-001,100,12.49,1249.0,2025-01-19,2025-01-29,2025-01-30,10,ROAD,117.4,False,DELIVERED
PO-000047,PRD-00004,SUP-006,WH-002,100,12.46,1246.0,2025-03-06,2025-03-16,2025-03-17,10,ROAD,117.4,False,DELIVERED
PO-000048,PRD-00004,SUP-006,WH-003,100,12.63,1263.0,2025-04-21,2025-05-03,2025-05-05,12,ROAD,117.4,False,DELIVERED
PO-000049,PRD-00004,SUP-006,WH-003,200,12.09,2418.0,2025-06-03,2025-06-17,2025-06-17,14,ROAD,234.8,False,DELIVERED
PO-000050,PRD-00004,SUP-006,WH-003,200,12.42,2484.0,2025-07-13,2025-07-27,2025-07-30,14,ROAD,234.8,False,DELIVERED
PO-000051,PRD-00004,SUP-006,WH-001,200,12.25,2450.0,2025-08-30,2025-09-11,2025-09-12,12,ROAD,234.8,False,DELIVERED
PO-000052,PRD-00004,SUP-006,WH-003,200,12.45,2490.0,2025-10-12,2025-10-31,2025-11-01,19,ROAD,234.8,False,DELIVERED
PO-000053,PRD-00004,SUP-006,WH-001,200,12.14,2428.0,2025-11-28,2025-12-11,2025-12-12,13,ROAD,234.8,False,DELIVERED
PO-000054,PRD-00005,SUP-002,WH-003,126,5.64,710.64,2024-01-19,2024-01-28,2024-01-28,9,ROAD,51.16,False,DELIVERED
PO-000055,PRD-00005,SUP-002,WH-002,150,5.59,838.5,2024-03-14,2024-03-24,2024-03-27,10,ROAD,60.9,False,DELIVERED
PO-000056,PRD-00005,SUP-002,WH-001,168,5.45,915.6,2024-05-13,2024-05-23,2024-05-24,10,ROAD,68.21,False,DELIVERED
PO-000057,PRD-00005,SUP-002,WH-002,186,5.7,1060.2,2024-07-17,2024-07-27,2024-07-27,10,ROAD,75.52,False,DELIVERED
PO-000058,PRD-00005,SUP-002,WH-001,168,5.66,950.88,2024-09-10,2024-09-19,2024-09-22,9,ROAD,68.21,False,DELIVERED
PO-000059,PRD-00005,SUP-002,WH-001,228,5.7,1299.6,2024-11-10,2024-11-20,2024-11-21,10,ROAD,92.57,False,DELIVERED
PO-000060,PRD-00005,SUP-002,WH-001,126,5.73,721.98,2025-01-12,2025-01-19,2025-01-20,7,ROAD,51.16,False,DELIVERED
PO-000061,PRD-00005,SUP-002,WH-003,150,5.74,861.0,2025-03-13,2025-03-22,2025-03-24,9,ROAD,60.9,False,DELIVERED
PO-000062,PRD-00005,SUP-002,WH-002,168,5.5,924.0,2025-05-14,2025-05-23,2025-05-26,9,ROAD,68.21,False,DELIVERED
PO-000063,PRD-00005,SUP-002,WH-001,186,5.66,1052.76,2025-07-11,2025-07-18,2025-07-20,7,ROAD,75.52,False,DELIVERED
PO-000064,PRD-00005,SUP-002,WH-003,168,5.44,913.92,2025-09-11,2025-09-21,2025-09-22,10,ROAD,68.21,False,DELIVERED
PO-000065,PRD-00005,SUP-002,WH-001,228,5.73,1306.44,2025-11-11,2025-11-19,2025-11-19,8,ROAD,92.57,False,DELIVERED
PO-000066,PRD-00006,SUP-006,WH-001,96,8.02,769.92,2024-01-12,2024-01-24,2024-01-25,12,ROAD,105.6,False,DELIVERED
PO-000067,PRD-00006,SUP-006,WH-003,120,7.93,951.6,2024-03-08,2024-03-22,2024-03-21,14,ROAD,132.0,False,DELIVERED
PO-000068,PRD-00006,SUP-006,WH-002,132,8.02,1058.64,2024-05-05,2024-05-16,2024-05-19,11,ROAD,145.2,False,DELIVERED
PO-000069,PRD-00006,SUP-006,WH-002,144,7.88,1134.72,2024-07-08,2024-07-30,2024-08-01,22,ROAD,158.4,False,DELIVERED
PO-000070,PRD-00006,SUP-006,WH-003,132,7.9,1042.8,2024-09-09,2024-09-21,2024-09-24,12,ROAD,145.2,False,DELIVERED
PO-000071,PRD-00006,SUP-006,WH-001,168,7.9,1327.2,2024-11-13,2024-11-28,2024-12-01,15,ROAD,184.8,False,DELIVERED
PO-000072,PRD-00006,SUP-006,WH-002,96,7.83,751.68,2025-01-08,2025-01-21,2025-01-23,13,ROAD,105.6,False,DELIVERED
PO-000073,PRD-00006,SUP-006,WH-003,120,7.57,908.4,2025-03-12,2025-03-22,2025-03-21,10,ROAD,132.0,False,DELIVERED
PO-000074,PRD-00006,SUP-006,WH-001,132,7.72,1019.04,2025-05-15,2025-05-26,2025-05-26,11,ROAD,145.2,False,DELIVERED
PO-000075,PRD-00006,SUP-006,WH-002,144,7.55,1087.2,2025-07-13,2025-07-25,2025-07-26,12,ROAD,158.4,False,DELIVERED
PO-000076,PRD-00006,SUP-006,WH-003,132,7.37,972.84,2025-09-08,2025-09-22,2025-09-22,14,ROAD,145.2,False,DELIVERED
PO-000077,PRD-00006,SUP-006,WH-003,168,7.7,1293.6,2025-11-12,2025-12-07,2025-12-10,25,ROAD,184.8,False,DELIVERED
PO-000078,PRD-00007,SUP-001,WH-001,100,10.41,1041.0,2024-01-31,2024-02-05,2024-02-08,5,ROAD,36.7,False,DELIVERED
PO-000079,PRD-00007,SUP-001,WH-003,200,10.07,2014.0,2024-03-19,2024-03-23,2024-03-24,4,ROAD,73.4,False,DELIVERED
PO-000080,PRD-00007,SUP-001,WH-003,200,10.39,2078.0,2024-04-30,2024-05-04,2024-05-03,4,ROAD,73.4,False,DELIVERED
PO-000081,PRD-00007,SUP-001,WH-002,200,10.25,2050.0,2024-06-19,2024-06-22,2024-06-21,3,ROAD,73.4,False,DELIVERED
PO-000082,PRD-00007,SUP-001,WH-003,200,10.21,2042.0,2024-07-30,2024-08-03,2024-08-03,4,ROAD,73.4,False,DELIVERED
PO-000083,PRD-00007,SUP-001,WH-001,200,10.38,2076.0,2024-09-10,2024-09-15,2024-09-15,5,ROAD,73.4,False,DELIVERED
PO-000084,PRD-00007,SUP-001,WH-001,200,10.69,2138.0,2024-10-21,2024-10-25,2024-10-27,4,ROAD,73.4,False,DELIVERED
PO-000085,PRD-00007,SUP-001,WH-002,300,10.16,3048.0,2024-12-01,2024-12-05,2024-12-08,4,ROAD,110.1,False,DELIVERED
PO-000086,PRD-00007,SUP-001,WH-002,100,10.33,1033.0,2025-01-20,2025-01-25,2025-01-27,5,ROAD,36.7,False,DELIVERED
PO-000087,PRD-00007,SUP-001,WH-002,200,10.4,2080.0,2025-03-02,2025-03-05,2025-03-05,3,ROAD,73.4,False,DELIVERED
PO-000088,PRD-00007,SUP-001,WH-002,200,10.53,2106.0,2025-04-21,2025-04-25,2025-04-28,4,ROAD,73.4,False,DELIVERED
PO-000089,PRD-00007,SUP-001,WH-002,200,10.45,2090.0,2025-06-01,2025-06-04,2025-06-03,3,ROAD,73.4,False,DELIVERED
PO-000090,PRD-00007,SUP-001,WH-001,200,10.31,2062.0,2025-07-15,2025-07-20,2025-07-20,5,ROAD,73.4,False,DELIVERED
PO-000091,PRD-00007,SUP-001,WH-002,200,10.46,2092.0,2025-08-29,2025-09-02,2025-09-05,4,ROAD,73.4,False,DELIVERED
PO-000092,PRD-00007,SUP-001,WH-002,200,10.68,2136.0,2025-10-13,2025-10-17,2025-10-19,4,ROAD,73.4,False,DELIVERED
PO-000093,PRD-00007,SUP-001,WH-001,200,10.18,2036.0,2025-11-27,2025-12-01,2025-12-03,4,ROAD,73.4,False,DELIVERED
PO-000094,PRD-00008,SUP-008,WH-003,200,3.77,754.0,2024-01-25,2024-01-27,2024-01-29,2,ROAD,342.8,False,DELIVERED
PO-000095,PRD-00008,SUP-008,WH-003,200,3.75,750.0,2024-03-26,2024-03-28,2024-03-30,2,ROAD,342.8,False,DELIVERED
PO-000096,PRD-00008,SUP-008,WH-002,300,3.79,1137.0,2024-05-29,2024-06-01,2024-06-01,3,ROAD,514.2,False,DELIVERED
PO-000097,PRD-00008,SUP-008,WH-002,300,3.76,1128.0,2024-07-27,2024-07-29,2024-07-28,2,ROAD,514.2,False,DELIVERED
PO-000098,PRD-00008,SUP-008,WH-002,300,3.69,1107.0,2024-09-24,2024-09-26,2024-09-28,2,ROAD,514.2,False,DELIVERED
PO-000099,PRD-00008,SUP-008,WH-001,400,3.71,1484.0,2024-11-20,2024-11-23,2024-11-24,3,ROAD,685.6,False,DELIVERED
PO-000100,PRD-00008,SUP-008,WH-001,200,3.84,768.0,2025-01-19,2025-01-22,2025-01-25,3,ROAD,342.8,False,DELIVERED
PO-000101,PRD-00008,SUP-008,WH-003,200,3.86,772.0,2025-03-19,2025-03-23,2025-03-25,4,ROAD,342.8,False,DELIVERED
PO-000102,PRD-00008,SUP-008,WH-003,300,3.64,1092.0,2025-05-19,2025-05-21,2025-05-24,2,ROAD,514.2,False,DELIVERED
PO-000103,PRD-00008,SUP-008,WH-001,300,3.72,1116.0,2025-07-18,2025-07-20,2025-07-21,2,ROAD,514.2,False,DELIVERED
PO-000104,PRD-00008,SUP-008,WH-003,300,3.73,1119.0,2025-09-21,2025-09-23,2025-09-25,2,ROAD,514.2,False,DELIVERED
PO-000105,PRD-00008,SUP-008,WH-003,400,3.61,1444.0,2025-11-25,2025-11-27,2025-11-30,2,ROAD,685.6,False,DELIVERED
PO-000106,PRD-00009,SUP-001,WH-001,100,5.02,502.0,2024-01-14,2024-01-18,2024-01-19,4,ROAD,62.8,False,DELIVERED
PO-000107,PRD-00009,SUP-001,WH-002,200,4.89,978.0,2024-03-15,2024-03-21,2024-03-20,6,ROAD,125.6,False,DELIVERED
PO-000108,PRD-00009,SUP-001,WH-002,200,4.76,952.0,2024-05-17,2024-05-22,2024-05-22,5,ROAD,125.6,False,DELIVERED
PO-000109,PRD-00009,SUP-001,WH-002,200,5.05,1010.0,2024-07-20,2024-07-24,2024-07-26,4,ROAD,125.6,False,DELIVERED
PO-000110,PRD-00009,SUP-001,WH-001,200,4.96,992.0,2024-09-20,2024-09-24,2024-09-23,4,ROAD,125.6,False,DELIVERED
PO-000111,PRD-00009,SUP-001,WH-002,300,4.89,1467.0,2024-11-24,2024-11-28,2024-11-29,4,ROAD,188.4,False,DELIVERED
PO-000112,PRD-00009,SUP-001,WH-003,100,4.9,490.0,2025-01-18,2025-01-23,2025-01-25,5,ROAD,62.8,False,DELIVERED
PO-000113,PRD-00009,SUP-001,WH-001,200,4.81,962.0,2025-03-18,2025-03-21,2025-03-22,3,ROAD,125.6,False,DELIVERED
PO-000114,PRD-00009,SUP-001,WH-001,200,4.83,966.0,2025-05-20,2025-05-26,2025-05-29,6,ROAD,125.6,False,DELIVERED
PO-000115,PRD-00009,SUP-001,WH-002,200,4.82,964.0,2025-07-15,2025-07-20,2025-07-20,5,ROAD,125.6,False,DELIVERED
PO-000116,PRD-00009,SUP-001,WH-003,200,4.75,950.0,2025-09-11,2025-09-14,2025-09-14,3,ROAD,125.6,False,DELIVERED
PO-000117,PRD-00009,SUP-001,WH-003,300,4.65,1395.0,2025-11-09,2025-11-12,2025-11-14,3,ROAD,188.4,False,DELIVERED
PO-000118,PRD-00010,SUP-006,WH-001,288,2.65,763.2,2024-01-22,2024-02-03,2024-02-03,12,ROAD,518.98,False,DELIVERED
PO-000119,PRD-00010,SUP-006,WH-001,336,2.65,890.4,2024-03-17,2024-03-27,2024-03-29,10,ROAD,605.47,False,DELIVERED
PO-000120,PRD-00010,SUP-006,WH-001,384,2.72,1044.48,2024-05-13,2024-05-24,2024-05-27,11,ROAD,691.97,False,DELIVERED
PO-000121,PRD-00010,SUP-006,WH-002,384,2.7,1036.8,2024-07-14,2024-07-28,2024-07-29,14,ROAD,691.97,False,DELIVERED
PO-000122,PRD-00010,SUP-006,WH-002,384,2.69,1032.96,2024-09-12,2024-09-27,2024-09-29,15,ROAD,691.97,False,DELIVERED
PO-000123,PRD-00010,SUP-006,WH-001,480,2.64,1267.2,2024-11-13,2024-11-26,2024-11-27,13,ROAD,864.96,False,DELIVERED
PO-000124,PRD-00010,SUP-006,WH-002,288,2.69,774.72,2025-01-17,2025-01-28,2025-01-27,11,ROAD,518.98,False,DELIVERED
PO-000125,PRD-00010,SUP-006,WH-001,336,2.79,937.44,2025-03-18,2025-03-30,2025-04-01,12,ROAD,605.47,False,DELIVERED
PO-000126,PRD-00010,SUP-006,WH-002,384,2.73,1048.32,2025-05-17,2025-05-31,2025-06-02,14,ROAD,691.97,False,DELIVERED
PO-000127,PRD-00010,SUP-006,WH-001,384,2.71,1040.64,2025-07-14,2025-07-26,2025-07-28,12,ROAD,691.97,False,DELIVERED
PO-000128,PRD-00010,SUP-006,WH-002,384,2.65,1017.6,2025-09-17,2025-10-03,2025-10-06,16,ROAD,691.97,False,DELIVERED
PO-000129,PRD-00010,SUP-006,WH-003,480,2.61,1252.8,2025-11-18,2025-12-03,2025-12-06,15,ROAD,864.96,False,DELIVERED
PO-000130,PRD-00011,SUP-006,WH-002,100,13.36,1336.0,2024-01-11,2024-01-25,2024-01-26,14,ROAD,144.5,False,DELIVERED
PO-000131,PRD-00011,SUP-006,WH-001,100,13.34,1334.0,2024-02-22,2024-03-08,2024-03-11,15,ROAD,144.5,False,DELIVERED
PO-000132,PRD-00011,SUP-006,WH-003,100,13.01,1301.0,2024-04-06,2024-04-16,2024-04-19,10,ROAD,144.5,False,DELIVERED
PO-000133,PRD-00011,SUP-006,WH-001,100,13.38,1338.0,2024-05-22,2024-06-07,2024-06-10,16,ROAD,144.5,False,DELIVERED
PO-000134,PRD-00011,SUP-006,WH-002,200,12.9,2580.0,2024-07-01,2024-07-12,2024-07-12,11,ROAD,289.0,False,DELIVERED
PO-000135,PRD-00011,SUP-006,WH-003,100,13.07,1307.0,2024-08-18,2024-09-01,2024-09-01,14,ROAD,144.5,False,DELIVERED
PO-000136,PRD-00011,SUP-006,WH-003,100,12.91,1291.0,2024-09-30,2024-10-12,2024-10-13,12,ROAD,144.5,False,DELIVERED
PO-000137,PRD-00011,SUP-006,WH-002,200,13.32,2664.0,2024-11-16,2024-11-29,2024-11-30,13,ROAD,289.0,False,DELIVERED
PO-000138,PRD-00011,SUP-006,WH-003,100,13.28,1328.0,2025-01-05,2025-01-18,2025-01-21,13,ROAD,144.5,False,DELIVERED
PO-000139,PRD-00011,SUP-006,WH-003,100,13.8,1380.0,2025-02-22,2025-03-07,2025-03-10,13,ROAD,144.5,False,DELIVERED
PO-000140,PRD-00011,SUP-006,WH-003,100,13.46,1346.0,2025-04-05,2025-04-19,2025-04-19,14,ROAD,144.5,False,DELIVERED
PO-000141,PRD-00011,SUP-006,WH-002,100,12.92,1292.0,2025-05-24,2025-06-03,2025-06-02,10,ROAD,144.5,False,DELIVERED
PO-000142,PRD-00011,SUP-006,WH-001,200,12.88,2576.0,2025-07-07,2025-07-19,2025-07-19,12,ROAD,289.0,False,DELIVERED
PO-000143,PRD-00011,SUP-006,WH-001,100,13.0,1300.0,2025-08-20,2025-08-30,2025-08-31,10,ROAD,144.5,False,DELIVERED
PO-000144,PRD-00011,SUP-006,WH-001,200,13.21,2642.0,2025-10-06,2025-10-22,2025-10-21,16,ROAD,289.0,False,DELIVERED
PO-000145,PRD-00011,SUP-006,WH-002,200,13.36,2672.0,2025-11-25,2025-12-09,2025-12-12,14,ROAD,289.0,False,DELIVERED
PO-000146,PRD-00012,SUP-001,WH-003,100,8.52,852.0,2024-01-31,2024-02-04,2024-02-04,4,ROAD,141.8,False,DELIVERED
PO-000147,PRD-00012,SUP-001,WH-002,100,8.44,844.0,2024-03-31,2024-04-04,2024-04-03,4,ROAD,141.8,False,DELIVERED
PO-000148,PRD-00012,SUP-001,WH-002,100,8.33,833.0,2024-06-04,2024-06-07,2024-06-07,3,ROAD,141.8,False,DELIVERED
PO-000149,PRD-00012,SUP-001,WH-002,100,8.2,820.0,2024-07-31,2024-08-04,2024-08-03,4,ROAD,141.8,False,DELIVERED
PO-000150,PRD-00012,SUP-001,WH-003,100,8.05,805.0,2024-09-24,2024-09-27,2024-09-28,3,ROAD,141.8,False,DELIVERED
PO-000151,PRD-00012,SUP-001,WH-001,200,8.36,1672.0,2024-11-22,2024-11-26,2024-11-25,4,ROAD,283.6,False,DELIVERED
PO-000152,PRD-00012,SUP-001,WH-002,100,8.42,842.0,2025-01-24,2025-01-29,2025-01-28,5,ROAD,141.8,False,DELIVERED
PO-000153,PRD-00012,SUP-001,WH-001,100,8.37,837.0,2025-03-30,2025-04-05,2025-04-05,6,ROAD,141.8,False,DELIVERED
PO-000154,PRD-00012,SUP-001,WH-001,100,8.38,838.0,2025-05-27,2025-06-01,2025-06-03,5,ROAD,141.8,False,DELIVERED
PO-000155,PRD-00012,SUP-001,WH-003,100,8.25,825.0,2025-07-26,2025-07-30,2025-08-01,4,ROAD,141.8,False,DELIVERED
PO-000156,PRD-00012,SUP-001,WH-003,100,8.33,833.0,2025-09-25,2025-09-30,2025-10-01,5,ROAD,141.8,False,DELIVERED
PO-000157,PRD-00012,SUP-001,WH-003,200,8.35,1670.0,2025-11-22,2025-11-25,2025-11-27,3,ROAD,283.6,False,DELIVERED
PO-000158,PRD-00013,SUP-006,WH-003,144,9.51,1369.44,2024-01-16,2024-01-26,2024-01-26,10,ROAD,108.86,False,DELIVERED
PO-000159,PRD-00013,SUP-006,WH-002,144,9.61,1383.84,2024-02-28,2024-03-14,2024-03-13,15,ROAD,108.86,False,DELIVERED
PO-000160,PRD-00013,SUP-006,WH-001,192,9.19,1764.48,2024-04-18,2024-04-28,2024-04-28,10,ROAD,145.15,False,DELIVERED
PO-000161,PRD-00013,SUP-006,WH-001,192,9.4,1804.8,2024-05-30,2024-06-09,2024-06-11,10,ROAD,145.15,False,DELIVERED
PO-000162,PRD-00013,SUP-006,WH-003,240,9.46,2270.4,2024-07-15,2024-07-30,2024-07-30,15,ROAD,181.44,False,DELIVERED
PO-000163,PRD-00013,SUP-006,WH-003,192,9.4,1804.8,2024-09-03,2024-09-19,2024-09-20,16,ROAD,145.15,False,DELIVERED
PO-000164,PRD-00013,SUP-006,WH-003,240,9.33,2239.2,2024-10-18,2024-11-02,2024-11-04,15,ROAD,181.44,False,DELIVERED
PO-000165,PRD-00013,SUP-006,WH-002,288,9.5,2736.0,2024-12-04,2024-12-14,2024-12-15,10,ROAD,217.73,False,DELIVERED
PO-000166,PRD-00013,SUP-006,WH-003,144,9.67,1392.48,2025-01-15,2025-01-28,2025-01-28,13,ROAD,108.86,False,DELIVERED
PO-000167,PRD-00013,SUP-006,WH-002,144,9.82,1414.08,2025-02-27,2025-03-11,2025-03-13,12,ROAD,108.86,False,DELIVERED
PO-000168,PRD-00013,SUP-006,WH-003,192,9.2,1766.4,2025-04-17,2025-04-28,2025-04-27,11,ROAD,145.15,False,DELIVERED
PO-000169,PRD-00013,SUP-006,WH-003,192,9.52,1827.84,2025-06-06,2025-06-16,2025-06-17,10,ROAD,145.15,False,DELIVERED
PO-000170,PRD-00013,SUP-006,WH-003,240,9.69,2325.6,2025-07-17,2025-07-29,2025-07-30,12,ROAD,181.44,False,DELIVERED
PO-000171,PRD-00013,SUP-006,WH-002,192,9.63,1848.96,2025-09-03,2025-09-15,2025-09-14,12,ROAD,145.15,False,DELIVERED
PO-000172,PRD-00013,SUP-006,WH-001,240,9.49,2277.6,2025-10-17,2025-11-11,2025-11-14,25,ROAD,181.44,False,DELIVERED
PO-000173,PRD-00013,SUP-006,WH-003,288,9.23,2658.24,2025-11-27,2025-12-08,2025-12-10,11,ROAD,217.73,False,DELIVERED
PO-000174,PRD-00014,SUP-002,WH-002,100,7.39,739.0,2024-01-13,2024-01-22,2024-01-25,9,ROAD,98.6,False,DELIVERED
PO-000175,PRD-00014,SUP-002,WH-001,100,7.55,755.0,2024-03-17,2024-03-28,2024-03-27,11,ROAD,98.6,False,DELIVERED
PO-000176,PRD-00014,SUP-002,WH-002,100,7.41,741.0,2024-05-16,2024-05-25,2024-05-24,9,ROAD,98.6,False,DELIVERED
PO-000177,PRD-00014,SUP-002,WH-001,100,7.31,731.0,2024-07-11,2024-07-20,2024-07-21,9,ROAD,98.6,False,DELIVERED
PO-000178,PRD-00014,SUP-002,WH-003,100,7.27,727.0,2024-09-04,2024-09-11,2024-09-10,7,ROAD,98.6,False,DELIVERED
PO-000179,PRD-00014,SUP-002,WH-003,200,7.78,1556.0,2024-11-06,2024-11-15,2024-11-16,9,ROAD,197.2,False,DELIVERED
PO-000180,PRD-00014,SUP-002,WH-001,100,7.48,748.0,2025-01-02,2025-01-12,2025-01-14,10,ROAD,98.6,False,DELIVERED
PO-000181,PRD-00014,SUP-002,WH-003,100,7.42,742.0,2025-03-03,2025-03-11,2025-03-13,8,ROAD,98.6,False,DELIVERED
PO-000182,PRD-00014,SUP-002,WH-002,100,7.43,743.0,2025-04-30,2025-05-08,2025-05-11,8,ROAD,98.6,False,DELIVERED
PO-000183,PRD-00014,SUP-002,WH-003,100,7.67,767.0,2025-06-30,2025-07-11,2025-07-11,11,ROAD,98.6,False,DELIVERED
PO-000184,PRD-00014,SUP-002,WH-003,100,7.51,751.0,2025-08-26,2025-09-03,2025-09-02,8,ROAD,98.6,False,DELIVERED
PO-000185,PRD-00014,SUP-002,WH-003,100,7.53,753.0,2025-10-27,2025-11-04,2025-11-06,8,ROAD,98.6,False,DELIVERED
PO-000186,PRD-00014,SUP-002,WH-002,200,7.38,1476.0,2025-12-21,2025-12-30,2025-12-30,9,ROAD,197.2,False,DELIVERED
PO-000187,PRD-00015,SUP-002,WH-002,336,2.44,819.84,2024-01-17,2024-01-28,2024-01-28,11,ROAD,256.7,False,DELIVERED
PO-000188,PRD-00015,SUP-002,WH-002,384,2.42,929.28,2024-03-15,2024-03-26,2024-03-27,11,ROAD,293.38,False,DELIVERED
PO-000189,PRD-00015,SUP-002,WH-001,432,2.39,1032.48,2024-05-15,2024-05-26,2024-05-29,11,ROAD,330.05,False,DELIVERED
PO-000190,PRD-00015,SUP-002,WH-001,480,2.43,1166.4,2024-07-14,2024-07-21,2024-07-24,7,ROAD,366.72,False,DELIVERED
PO-000191,PRD-00015,SUP-002,WH-001,432,2.49,1075.68,2024-09-15,2024-09-24,2024-09-25,9,ROAD,330.05,False,DELIVERED
PO-000192,PRD-00015,SUP-002,WH-002,576,2.53,1457.28,2024-11-18,2024-11-26,2024-11-26,8,ROAD,440.06,False,DELIVERED
PO-000193,PRD-00015,SUP-002,WH-002,336,2.4,806.4,2025-01-18,2025-01-26,2025-01-25,8,ROAD,256.7,False,DELIVERED
PO-000194,PRD-00015,SUP-002,WH-001,384,2.37,910.08,2025-03-20,2025-03-30,2025-03-30,10,ROAD,293.38,False,DELIVERED
PO-000195,PRD-00015,SUP-002,WH-003,432,2.4,1036.8,2025-05-14,2025-05-24,2025-05-24,10,ROAD,330.05,False,DELIVERED
PO-000196,PRD-00015,SUP-002,WH-002,480,2.43,1166.4,2025-07-12,2025-07-20,2025-07-19,8,ROAD,366.72,False,DELIVERED
PO-000197,PRD-00015,SUP-002,WH-001,432,2.4,1036.8,2025-09-07,2025-09-16,2025-09-15,9,ROAD,330.05,False,DELIVERED
PO-000198,PRD-00015,SUP-002,WH-001,576,2.57,1480.32,2025-11-11,2025-11-20,2025-11-23,9,ROAD,440.06,False,DELIVERED
PO-000199,PRD-00016,SUP-005,WH-003,132,4.12,543.84,2024-01-18,2024-01-31,2024-02-01,13,ROAD,81.84,False,DELIVERED
PO-000200,PRD-00016,SUP-005,WH-003,156,4.41,687.96,2024-03-20,2024-03-30,2024-04-02,10,ROAD,96.72,False,DELIVERED
PO-000201,PRD-00016,SUP-005,WH-003,180,4.27,768.6,2024-05-14,2024-05-24,2024-05-24,10,ROAD,111.6,False,DELIVERED
PO-000202,PRD-00016,SUP-005,WH-002,192,4.21,808.32,2024-07-18,2024-07-26,2024-07-25,8,ROAD,119.04,False,DELIVERED
PO-000203,PRD-00016,SUP-005,WH-002,180,4.14,745.2,2024-09-12,2024-09-22,2024-09-21,10,ROAD,111.6,False,DELIVERED
PO-000204,PRD-00016,SUP-005,WH-003,240,4.08,979.2,2024-11-09,2024-11-24,2024-11-27,15,ROAD,148.8,False,DELIVERED
PO-000205,PRD-00016,SUP-005,WH-001,132,4.08,538.56,2025-01-03,2025-01-13,2025-01-14,10,ROAD,81.84,False,DELIVERED
PO-000206,PRD-00016,SUP-005,WH-003,156,4.16,648.96,2025-03-07,2025-03-17,2025-03-20,10,ROAD,96.72,False,DELIVERED
PO-000207,PRD-00016,SUP-005,WH-003,180,4.2,756.0,2025-05-09,2025-05-17,2025-05-16,8,ROAD,111.6,False,DELIVERED
PO-000208,PRD-00016,SUP-005,WH-002,192,4.24,814.08,2025-07-08,2025-07-17,2025-07-19,9,ROAD,119.04,False,DELIVERED
PO-000209,PRD-00016,SUP-005,WH-002,180,4.2,756.0,2025-09-02,2025-09-12,2025-09-11,10,ROAD,111.6,False,DELIVERED
PO-000210,PRD-00016,SUP-005,WH-003,240,4.16,998.4,2025-11-02,2025-11-11,2025-11-13,9,ROAD,148.8,False,DELIVERED
PO-000211,PRD-00017,SUP-005,WH-003,108,13.98,1509.84,2024-01-06,2024-01-17,2024-01-17,11,ROAD,23.65,False,DELIVERED
PO-000212,PRD-00017,SUP-005,WH-002,114,14.02,1598.28,2024-02-03,2024-02-11,2024-02-12,8,ROAD,24.97,False,DELIVERED
PO-000213,PRD-00017,SUP-005,WH-002,126,14.35,1808.1,2024-03-03,2024-03-12,2024-03-12,9,ROAD,27.59,False,DELIVERED
PO-000214,PRD-00017,SUP-005,WH-003,126,14.15,1782.9,2024-03-29,2024-04-17,2024-04-17,19,SEA,27.59,True,DELIVERED
PO-000215,PRD-00017,SUP-005,WH-003,138,14.05,1938.9,2024-05-01,2024-05-12,2024-05-14,11,ROAD,30.22,False,DELIVERED
PO-000216,PRD-00017,SUP-005,WH-001,138,13.88,1915.44,2024-05-28,2024-06-06,2024-06-07,9,ROAD,30.22,False,DELIVERED
PO-000217,PRD-00017,SUP-005,WH-001,144,14.75,2124.0,2024-06-29,2024-07-07,2024-07-07,8,ROAD,31.54,False,DELIVERED
PO-000218,PRD-00017,SUP-005,WH-003,156,14.09,2198.04,2024-07-30,2024-08-08,2024-08-10,9,ROAD,34.16,False,DELIVERED
PO-000219,PRD-00017,SUP-005,WH-003,144,14.38,2070.72,2024-08-30,2024-09-07,2024-09-08,8,ROAD,31.54,False,DELIVERED
PO-000220,PRD-00017,SUP-005,WH-001,138,14.46,1995.48,2024-09-29,2024-10-10,2024-10-13,11,ROAD,30.22,False,DELIVERED
PO-000221,PRD-00017,SUP-005,WH-002,192,14.57,2797.44,2024-11-03,2024-11-13,2024-11-12,10,ROAD,42.05,False,DELIVERED
PO-000222,PRD-00017,SUP-005,WH-003,210,14.23,2988.3,2024-12-01,2024-12-09,2024-12-12,8,ROAD,45.99,False,DELIVERED
PO-000223,PRD-00017,SUP-005,WH-001,108,14.31,1545.48,2025-01-04,2025-01-12,2025-01-15,8,ROAD,23.65,False,DELIVERED
PO-000224,PRD-00017,SUP-005,WH-001,114,13.61,1551.54,2025-02-02,2025-02-13,2025-02-12,11,ROAD,24.97,False,DELIVERED
PO-000225,PRD-00017,SUP-005,WH-003,126,14.44,1819.44,2025-03-04,2025-03-15,2025-03-15,11,ROAD,27.59,False,DELIVERED
PO-000226,PRD-00017,SUP-005,WH-003,132,14.77,1949.64,2025-04-05,2025-04-15,2025-04-15,10,ROAD,28.91,False,DELIVERED
PO-000227,PRD-00017,SUP-005,WH-003,138,14.39,1985.82,2025-05-07,2025-05-20,2025-05-23,13,SEA,30.22,True,DELIVERED
PO-000228,PRD-00017,SUP-005,WH-001,144,13.88,1998.72,2025-06-08,2025-06-18,2025-06-18,10,ROAD,31.54,False,DELIVERED
PO-000229,PRD-00017,SUP-005,WH-002,156,14.16,2208.96,2025-07-12,2025-07-22,2025-07-22,10,ROAD,34.16,False,DELIVERED
PO-000230,PRD-00017,SUP-005,WH-002,144,13.54,1949.76,2025-08-10,2025-08-27,2025-08-27,17,ROAD,31.54,False,DELIVERED
PO-000231,PRD-00017,SUP-005,WH-003,138,14.09,1944.42,2025-09-14,2025-09-24,2025-09-26,10,ROAD,30.22,False,DELIVERED
PO-000232,PRD-00017,SUP-005,WH-002,156,14.32,2233.92,2025-10-10,2025-10-19,2025-10-20,9,ROAD,34.16,False,DELIVERED
PO-000233,PRD-00017,SUP-005,WH-002,192,14.27,2739.84,2025-11-05,2025-11-15,2025-11-16,10,ROAD,42.05,False,DELIVERED
PO-000234,PRD-00017,SUP-005,WH-002,210,14.44,3032.4,2025-12-07,2025-12-21,2025-12-22,14,ROAD,45.99,False,DELIVERED
PO-000235,PRD-00018,SUP-002,WH-001,100,16.18,1618.0,2024-01-14,2024-01-23,2024-01-24,9,ROAD,42.0,False,DELIVERED
PO-000236,PRD-00018,SUP-002,WH-001,100,16.2,1620.0,2024-02-09,2024-02-17,2024-02-16,8,ROAD,42.0,False,DELIVERED
PO-000237,PRD-00018,SUP-002,WH-003,100,16.17,1617.0,2024-03-08,2024-03-15,2024-03-16,7,ROAD,42.0,False,DELIVERED
PO-000238,PRD-00018,SUP-002,WH-001,100,16.49,1649.0,2024-04-08,2024-04-15,2024-04-16,7,ROAD,42.0,False,DELIVERED
PO-000239,PRD-00018,SUP-002,WH-003,100,15.94,1594.0,2024-05-04,2024-05-15,2024-05-16,11,RAIL,42.0,True,DELIVERED
PO-000240,PRD-00018,SUP-002,WH-003,100,15.78,1578.0,2024-06-06,2024-06-13,2024-06-16,7,ROAD,42.0,False,DELIVERED
PO-000241,PRD-00018,SUP-002,WH-002,100,16.34,1634.0,2024-07-05,2024-07-14,2024-07-17,9,ROAD,42.0,False,DELIVERED
PO-000242,PRD-00018,SUP-002,WH-001,100,15.46,1546.0,2024-08-03,2024-08-13,2024-08-15,10,ROAD,42.0,False,DELIVERED
PO-000243,PRD-00018,SUP-002,WH-001,100,16.07,1607.0,2024-08-30,2024-09-10,2024-09-13,11,RAIL,42.0,True,DELIVERED
PO-000244,PRD-00018,SUP-002,WH-003,100,16.76,1676.0,2024-09-28,2024-10-08,2024-10-10,10,ROAD,42.0,False,DELIVERED
PO-000245,PRD-00018,SUP-002,WH-003,200,16.32,3264.0,2024-11-01,2024-11-09,2024-11-11,8,ROAD,84.0,False,DELIVERED
PO-000246,PRD-00018,SUP-002,WH-002,200,16.05,3210.0,2024-12-03,2024-12-11,2024-12-14,8,ROAD,84.0,False,DELIVERED
PO-000247,PRD-00018,SUP-002,WH-002,200,16.07,3214.0,2024-12-28,2025-01-08,2025-01-11,11,ROAD,84.0,False,DELIVERED
PO-000248,PRD-00018,SUP-002,WH-003,100,16.36,1636.0,2025-01-28,2025-02-07,2025-02-10,10,ROAD,42.0,False,DELIVERED
PO-000249,PRD-00018,SUP-002,WH-003,100,16.82,1682.0,2025-02-26,2025-03-09,2025-03-12,11,ROAD,42.0,False,DELIVERED
PO-000250,PRD-00018,SUP-002,WH-002,100,16.48,1648.0,2025-03-28,2025-04-07,2025-04-08,10,ROAD,42.0,False,DELIVERED
PO-000251,PRD-00018,SUP-002,WH-002,100,16.33,1633.0,2025-04-30,2025-05-11,2025-05-13,11,ROAD,42.0,False,DELIVERED
PO-000252,PRD-00018,SUP-002,WH-001,100,16.67,1667.0,2025-06-03,2025-06-10,2025-06-11,7,ROAD,42.0,False,DELIVERED
PO-000253,PRD-00018,SUP-002,WH-003,100,16.67,1667.0,2025-07-06,2025-07-15,2025-07-16,9,ROAD,42.0,False,DELIVERED
PO-000254,PRD-00018,SUP-002,WH-001,100,16.65,1665.0,2025-07-31,2025-08-07,2025-08-07,7,ROAD,42.0,False,DELIVERED
PO-000255,PRD-00018,SUP-002,WH-001,100,16.17,1617.0,2025-09-01,2025-09-11,2025-09-13,10,ROAD,42.0,False,DELIVERED
PO-000256,PRD-00018,SUP-002,WH-001,100,16.55,1655.0,2025-10-02,2025-10-12,2025-10-13,10,ROAD,42.0,False,DELIVERED
PO-000257,PRD-00018,SUP-002,WH-001,200,16.44,3288.0,2025-11-04,2025-11-14,2025-11-13,10,ROAD,84.0,False,DELIVERED
PO-000258,PRD-00018,SUP-002,WH-003,200,15.77,3154.0,2025-12-02,2025-12-09,2025-12-11,7,ROAD,84.0,False,DELIVERED
PO-000259,PRD-00019,SUP-003,WH-002,228,2.52,574.56,2024-01-21,2024-02-08,2024-02-07,18,SEA,181.72,False,DELIVERED
PO-000260,PRD-00019,SUP-003,WH-001,270,2.43,656.1,2024-03-19,2024-04-10,2024-04-09,22,SEA,215.19,False,DELIVERED
PO-000261,PRD-00019,SUP-003,WH-002,300,2.49,747.0,2024-05-14,2024-06-07,2024-06-07,24,SEA,239.1,False,DELIVERED
PO-000262,PRD-00019,SUP-003,WH-001,336,2.45,823.2,2024-07-18,2024-08-06,2024-08-05,19,SEA,267.79,False,DELIVERED
PO-000263,PRD-00019,SUP-003,WH-003,300,2.42,726.0,2024-09-19,2024-10-20,2024-10-21,31,SEA,239.1,False,DELIVERED
PO-000264,PRD-00019,SUP-003,WH-001,408,2.39,975.12,2024-11-15,2024-12-20,2024-12-21,35,SEA,325.18,False,DELIVERED
PO-000265,PRD-00019,SUP-003,WH-003,228,2.46,560.88,2025-01-11,2025-02-08,2025-02-07,28,SEA,181.72,False,DELIVERED
PO-000266,PRD-00019,SUP-003,WH-001,270,2.48,669.6,2025-03-13,2025-03-31,2025-03-31,18,SEA,215.19,False,DELIVERED
PO-000267,PRD-00019,SUP-003,WH-001,300,2.47,741.0,2025-05-07,2025-06-04,2025-06-06,28,SEA,239.1,False,DELIVERED
PO-000268,PRD-00019,SUP-003,WH-002,336,2.39,803.04,2025-07-08,2025-08-09,2025-08-11,32,SEA,267.79,False,DELIVERED
PO-000269,PRD-00019,SUP-003,WH-002,300,2.44,732.0,2025-09-06,2025-09-24,2025-09-23,18,SEA,239.1,False,DELIVERED
PO-000270,PRD-00019,SUP-003,WH-002,408,2.33,950.64,2025-11-02,2025-11-22,2025-11-21,20,SEA,325.18,False,DELIVERED
PO-000271,PRD-00020,SUP-005,WH-002,144,7.92,1140.48,2024-01-17,2024-01-25,2024-01-24,8,ROAD,81.07,False,DELIVERED
PO-000272,PRD-00020,SUP-005,WH-003,150,7.96,1194.0,2024-02-28,2024-03-12,2024-03-12,13,ROAD,84.45,False,DELIVERED
PO-000273,PRD-00020,SUP-005,WH-002,180,7.98,1436.4,2024-04-17,2024-04-27,2024-04-28,10,ROAD,101.34,False,DELIVERED
PO-000274,PRD-00020,SUP-005,WH-001,192,8.16,1566.72,2024-05-28,2024-06-09,2024-06-10,12,ROAD,108.1,False,DELIVERED
PO-000275,PRD-00020,SUP-005,WH-003,210,7.79,1635.9,2024-07-13,2024-07-25,2024-07-24,12,ROAD,118.23,False,DELIVERED
PO-000276,PRD-00020,SUP-005,WH-003,198,7.97,1578.06,2024-08-31,2024-09-11,2024-09-13,11,ROAD,111.47,False,DELIVERED
PO-000277,PRD-00020,SUP-005,WH-003,210,7.77,1631.7,2024-10-19,2024-10-29,2024-11-01,10,ROAD,118.23,False,DELIVERED
PO-000278,PRD-00020,SUP-005,WH-001,258,7.76,2002.08,2024-11-30,2024-12-13,2024-12-14,13,ROAD,145.25,False,DELIVERED
PO-000279,PRD-00020,SUP-005,WH-002,144,8.05,1159.2,2025-01-17,2025-01-26,2025-01-29,9,ROAD,81.07,False,DELIVERED
PO-000280,PRD-00020,SUP-005,WH-001,168,7.86,1320.48,2025-03-02,2025-03-12,2025-03-13,10,ROAD,94.58,False,DELIVERED
PO-000281,PRD-00020,SUP-005,WH-003,180,8.23,1481.4,2025-04-20,2025-05-02,2025-05-03,12,ROAD,101.34,False,DELIVERED
PO-000282,PRD-00020,SUP-005,WH-001,198,8.0,1584.0,2025-06-03,2025-06-12,2025-06-13,9,ROAD,111.47,False,DELIVERED
PO-000283,PRD-00020,SUP-005,WH-003,210,7.95,1669.5,2025-07-22,2025-07-30,2025-07-30,8,ROAD,118.23,False,DELIVERED
PO-000284,PRD-00020,SUP-005,WH-003,192,7.99,1534.08,2025-09-09,2025-09-20,2025-09-21,11,ROAD,108.1,False,DELIVERED
PO-000285,PRD-00020,SUP-005,WH-002,210,7.83,1644.3,2025-10-29,2025-11-06,2025-11-07,8,ROAD,118.23,False,DELIVERED
PO-000286,PRD-00020,SUP-005,WH-003,288,7.95,2289.6,2025-12-18,2025-12-28,2025-12-30,10,ROAD,162.14,False,DELIVERED
PO-000287,PRD-00021,SUP-005,WH-002,96,10.03,962.88,2024-01-22,2024-02-02,2024-02-03,11,ROAD,49.06,False,DELIVERED
PO-000288,PRD-00021,SUP-005,WH-003,120,9.75,1170.0,2024-03-12,2024-03-22,2024-03-23,10,ROAD,61.32,False,DELIVERED
PO-000289,PRD-00021,SUP-005,WH-002,144,10.13,1458.72,2024-04-27,2024-05-09,2024-05-10,12,ROAD,73.58,False,DELIVERED
PO-000290,PRD-00021,SUP-005,WH-001,144,10.04,1445.76,2024-06-11,2024-06-21,2024-06-23,10,ROAD,73.58,False,DELIVERED
PO-000291,PRD-00021,SUP-005,WH-003,144,10.52,1514.88,2024-07-26,2024-08-06,2024-08-05,11,ROAD,73.58,False,DELIVERED
PO-000292,PRD-00021,SUP-005,WH-003,144,9.97,1435.68,2024-09-04,2024-09-16,2024-09-17,12,ROAD,73.58,False,DELIVERED
PO-000293,PRD-00021,SUP-005,WH-002,144,9.79,1409.76,2024-10-22,2024-10-30,2024-10-29,8,ROAD,73.58,False,DELIVERED
PO-000294,PRD-00021,SUP-005,WH-003,216,9.9,2138.4,2024-12-07,2024-12-17,2024-12-18,10,ROAD,110.38,False,DELIVERED
PO-000295,PRD-00021,SUP-005,WH-001,96,9.93,953.28,2025-01-20,2025-02-08,2025-02-08,19,ROAD,49.06,False,DELIVERED
PO-000296,PRD-00021,SUP-005,WH-003,120,10.18,1221.6,2025-03-02,2025-03-14,2025-03-13,12,ROAD,61.32,False,DELIVERED
PO-000297,PRD-00021,SUP-005,WH-003,144,9.87,1421.28,2025-04-16,2025-04-29,2025-05-02,13,ROAD,73.58,False,DELIVERED
PO-000298,PRD-00021,SUP-005,WH-003,144,10.06,1448.64,2025-06-02,2025-06-12,2025-06-15,10,ROAD,73.58,False,DELIVERED
PO-000299,PRD-00021,SUP-005,WH-002,144,10.02,1442.88,2025-07-20,2025-08-01,2025-07-31,12,ROAD,73.58,False,DELIVERED
PO-000300,PRD-00021,SUP-005,WH-001,144,9.75,1404.0,2025-08-31,2025-09-12,2025-09-14,12,ROAD,73.58,False,DELIVERED
PO-000301,PRD-00021,SUP-005,WH-001,144,10.12,1457.28,2025-10-11,2025-10-20,2025-10-19,9,ROAD,73.58,False,DELIVERED
PO-000302,PRD-00021,SUP-005,WH-001,192,10.1,1939.2,2025-11-21,2025-12-03,2025-12-05,12,ROAD,98.11,False,DELIVERED
PO-000303,PRD-00022,SUP-002,WH-003,186,2.64,491.04,2024-01-15,2024-01-24,2024-01-27,9,ROAD,101.56,False,DELIVERED
PO-000304,PRD-00022,SUP-002,WH-002,222,2.69,597.18,2024-03-10,2024-03-18,2024-03-19,8,ROAD,121.21,False,DELIVERED
PO-000305,PRD-00022,SUP-002,WH-001,246,2.65,651.9,2024-05-09,2024-05-20,2024-05-22,11,ROAD,134.32,False,DELIVERED
PO-000306,PRD-00022,SUP-002,WH-002,270,2.65,715.5,2024-07-03,2024-07-13,2024-07-13,10,ROAD,147.42,False,DELIVERED
PO-000307,PRD-00022,SUP-002,WH-001,246,2.64,649.44,2024-09-06,2024-09-16,2024-09-19,10,ROAD,134.32,False,DELIVERED
PO-000308,PRD-00022,SUP-002,WH-001,336,2.57,863.52,2024-11-09,2024-11-16,2024-11-15,7,ROAD,183.46,False,DELIVERED
PO-000309,PRD-00022,SUP-002,WH-002,186,2.72,505.92,2025-01-10,2025-01-17,2025-01-19,7,ROAD,101.56,False,DELIVERED
PO-000310,PRD-00022,SUP-002,WH-001,222,2.67,592.74,2025-03-13,2025-03-20,2025-03-20,7,ROAD,121.21,False,DELIVERED
PO-000311,PRD-00022,SUP-002,WH-001,246,2.63,646.98,2025-05-11,2025-05-20,2025-05-19,9,ROAD,134.32,False,DELIVERED
PO-000312,PRD-00022,SUP-002,WH-003,270,2.69,726.3,2025-07-11,2025-07-19,2025-07-21,8,ROAD,147.42,False,DELIVERED
PO-000313,PRD-00022,SUP-002,WH-001,246,2.6,639.6,2025-09-13,2025-09-22,2025-09-23,9,ROAD,134.32,False,DELIVERED
PO-000314,PRD-00022,SUP-002,WH-001,336,2.69,903.84,2025-11-11,2025-11-27,2025-11-26,16,ROAD,183.46,False,DELIVERED
PO-000315,PRD-00023,SUP-005,WH-001,96,4.29,411.84,2024-01-13,2024-01-23,2024-01-25,10,ROAD,20.93,False,DELIVERED
PO-000316,PRD-00023,SUP-005,WH-002,144,4.22,607.68,2024-03-08,2024-03-20,2024-03-19,12,ROAD,31.39,False,DELIVERED
PO-000317,PRD-00023,SUP-005,WH-002,144,4.14,596.16,2024-05-10,2024-05-18,2024-05-19,8,ROAD,31.39,False,DELIVERED
PO-000318,PRD-00023,SUP-005,WH-001,192,4.08,783.36,2024-07-05,2024-07-14,2024-07-17,9,ROAD,41.86,False,DELIVERED
PO-000319,PRD-00023,SUP-005,WH-002,144,4.36,627.84,2024-09-06,2024-09-17,2024-09-17,11,ROAD,31.39,False,DELIVERED
PO-000320,PRD-00023,SUP-005,WH-001,192,4.14,794.88,2024-11-08,2024-11-17,2024-11-17,9,ROAD,41.86,False,DELIVERED
PO-000321,PRD-00023,SUP-005,WH-003,96,4.23,406.08,2025-01-04,2025-01-17,2025-01-18,13,ROAD,20.93,False,DELIVERED
PO-000322,PRD-00023,SUP-005,WH-003,144,4.31,620.64,2025-03-01,2025-03-11,2025-03-14,10,ROAD,31.39,False,DELIVERED
PO-000323,PRD-00023,SUP-005,WH-001,144,4.24,610.56,2025-05-02,2025-05-12,2025-05-12,10,ROAD,31.39,False,DELIVERED
PO-000324,PRD-00023,SUP-005,WH-001,192,4.23,812.16,2025-07-01,2025-07-12,2025-07-15,11,ROAD,41.86,False,DELIVERED
PO-000325,PRD-00023,SUP-005,WH-001,144,4.14,596.16,2025-09-03,2025-09-12,2025-09-15,9,ROAD,31.39,False,DELIVERED
PO-000326,PRD-00023,SUP-005,WH-003,192,4.15,796.8,2025-11-05,2025-11-15,2025-11-15,10,ROAD,41.86,False,DELIVERED
PO-000327,PRD-00024,SUP-005,WH-002,96,6.34,608.64,2024-01-16,2024-01-25,2024-01-24,9,ROAD,34.37,False,DELIVERED
PO-000328,PRD-00024,SUP-005,WH-003,114,6.36,725.04,2024-03-13,2024-03-22,2024-03-24,9,ROAD,40.81,False,DELIVERED
PO-000329,PRD-00024,SUP-005,WH-002,126,6.26,788.76,2024-05-08,2024-05-19,2024-05-18,11,ROAD,45.11,False,DELIVERED
PO-000330,PRD-00024,SUP-005,WH-002,138,5.9,814.2,2024-07-12,2024-07-23,2024-07-22,11,ROAD,49.4,False,DELIVERED
PO-000331,PRD-00024,SUP-005,WH-003,126,5.94,748.44,2024-09-10,2024-09-20,2024-09-20,10,ROAD,45.11,False,DELIVERED
PO-000332,PRD-00024,SUP-005,WH-002,168,6.29,1056.72,2024-11-04,2024-11-13,2024-11-14,9,ROAD,60.14,False,DELIVERED
PO-000333,PRD-00024,SUP-005,WH-003,192,5.98,1148.16,2024-12-30,2025-01-09,2025-01-09,10,ROAD,68.74,False,DELIVERED
PO-000334,PRD-00024,SUP-005,WH-001,102,6.19,631.38,2025-02-23,2025-03-13,2025-03-14,18,ROAD,36.52,False,DELIVERED
PO-000335,PRD-00024,SUP-005,WH-001,120,6.23,747.6,2025-04-19,2025-04-27,2025-04-28,8,ROAD,42.96,False,DELIVERED
PO-000336,PRD-00024,SUP-005,WH-002,132,5.93,782.76,2025-06-17,2025-06-28,2025-07-01,11,ROAD,47.26,False,DELIVERED
PO-000337,PRD-00024,SUP-005,WH-001,132,5.82,768.24,2025-08-21,2025-08-30,2025-09-02,9,ROAD,47.26,False,DELIVERED
PO-000338,PRD-00024,SUP-005,WH-003,138,6.12,844.56,2025-10-15,2025-10-24,2025-10-27,9,ROAD,49.4,False,DELIVERED
PO-000339,PRD-00024,SUP-005,WH-003,192,6.06,1163.52,2025-12-16,2025-12-25,2025-12-27,9,ROAD,68.74,False,DELIVERED
PO-000340,PRD-00025,SUP-003,WH-002,144,8.52,1226.88,2024-01-02,2024-01-21,2024-01-22,19,SEA,41.33,False,DELIVERED
PO-000341,PRD-00025,SUP-003,WH-003,144,8.32,1198.08,2024-02-14,2024-03-07,2024-03-08,22,SEA,41.33,False,DELIVERED
PO-000342,PRD-00025,SUP-003,WH-003,192,8.37,1607.04,2024-04-04,2024-05-02,2024-05-04,28,SEA,55.1,False,DELIVERED
PO-000343,PRD-00025,SUP-003,WH-002,192,8.07,1549.44,2024-05-15,2024-06-02,2024-06-01,18,SEA,55.1,False,DELIVERED
PO-000344,PRD-00025,SUP-003,WH-003,192,7.99,1534.08,2024-07-01,2024-07-19,2024-07-18,18,SEA,55.1,False,DELIVERED
PO-000345,PRD-00025,SUP-003,WH-003,192,8.25,1584.0,2024-08-19,2024-09-26,2024-09-26,38,SEA,55.1,False,DELIVERED
PO-000346,PRD-00025,SUP-003,WH-001,192,8.41,1614.72,2024-10-05,2024-11-05,2024-11-06,31,SEA,55.1,False,DELIVERED
PO-000347,PRD-00025,SUP-003,WH-001,240,8.45,2028.0,2024-11-18,2024-12-15,2024-12-17,27,SEA,68.88,False,DELIVERED
PO-000348,PRD-00025,SUP-003,WH-002,144,7.85,1130.4,2025-01-07,2025-01-25,2025-01-25,18,SEA,41.33,False,DELIVERED
PO-000349,PRD-00025,SUP-003,WH-003,144,8.5,1224.0,2025-02-26,2025-04-18,2025-04-17,51,SEA,41.33,False,DELIVERED
PO-000350,PRD-00025,SUP-003,WH-002,192,8.15,1564.8,2025-04-15,2025-05-09,2025-05-09,24,SEA,55.1,False,DELIVERED
PO-000351,PRD-00025,SUP-003,WH-003,192,8.58,1647.36,2025-06-04,2025-07-12,2025-07-12,38,SEA,55.1,False,DELIVERED
PO-000352,PRD-00025,SUP-003,WH-002,192,8.38,1608.96,2025-07-23,2025-08-21,2025-08-22,29,SEA,55.1,False,DELIVERED
PO-000353,PRD-00025,SUP-003,WH-003,192,8.1,1555.2,2025-09-05,2025-10-04,2025-10-06,29,SEA,55.1,False,DELIVERED
PO-000354,PRD-00025,SUP-003,WH-002,192,8.15,1564.8,2025-10-21,2025-11-13,2025-11-15,23,SEA,55.1,False,DELIVERED
PO-000355,PRD-00025,SUP-003,WH-003,288,8.42,2424.96,2025-12-05,2026-01-02,2026-01-05,28,SEA,82.66,False,IN_TRANSIT
PO-000356,PRD-00026,SUP-002,WH-002,96,11.86,1138.56,2024-01-19,2024-01-27,2024-01-29,8,ROAD,20.74,False,DELIVERED
PO-000357,PRD-00026,SUP-002,WH-003,120,12.18,1461.6,2024-03-04,2024-03-14,2024-03-14,10,ROAD,25.92,False,DELIVERED
PO-000358,PRD-00026,SUP-002,WH-003,120,12.2,1464.0,2024-04-18,2024-04-26,2024-04-26,8,ROAD,25.92,False,DELIVERED
PO-000359,PRD-00026,SUP-002,WH-001,144,11.96,1722.24,2024-06-01,2024-06-09,2024-06-11,8,ROAD,31.1,False,DELIVERED
PO-000360,PRD-00026,SUP-002,WH-002,144,12.35,1778.4,2024-07-14,2024-07-23,2024-07-23,9,ROAD,31.1,False,DELIVERED
PO-000361,PRD-00026,SUP-002,WH-001,144,11.96,1722.24,2024-09-01,2024-09-10,2024-09-12,9,ROAD,31.1,False,DELIVERED
PO-000362,PRD-00026,SUP-002,WH-003,144,11.97,1723.68,2024-10-15,2024-10-24,2024-10-25,9,ROAD,31.1,False,DELIVERED
PO-000363,PRD-00026,SUP-002,WH-002,192,12.0,2304.0,2024-11-25,2024-12-02,2024-12-03,7,ROAD,41.47,False,DELIVERED
PO-000364,PRD-00026,SUP-002,WH-002,96,11.66,1119.36,2025-01-09,2025-01-17,2025-01-16,8,ROAD,20.74,False,DELIVERED
PO-000365,PRD-00026,SUP-002,WH-002,120,12.34,1480.8,2025-02-26,2025-03-06,2025-03-07,8,ROAD,25.92,False,DELIVERED
PO-000366,PRD-00026,SUP-002,WH-001,120,12.08,1449.6,2025-04-08,2025-04-17,2025-04-18,9,ROAD,25.92,False,DELIVERED
PO-000367,PRD-00026,SUP-002,WH-001,144,12.55,1807.2,2025-05-18,2025-05-29,2025-05-29,11,ROAD,31.1,False,DELIVERED
PO-000368,PRD-00026,SUP-002,WH-001,144,12.35,1778.4,2025-07-02,2025-07-12,2025-07-13,10,ROAD,31.1,False,DELIVERED
PO-000369,PRD-00026,SUP-002,WH-001,144,11.65,1677.6,2025-08-15,2025-08-22,2025-08-23,7,ROAD,31.1,False,DELIVERED
PO-000370,PRD-00026,SUP-002,WH-003,144,11.69,1683.36,2025-10-04,2025-10-11,2025-10-11,7,ROAD,31.1,False,DELIVERED
PO-000371,PRD-00026,SUP-002,WH-002,192,12.48,2396.16,2025-11-17,2025-11-24,2025-11-25,7,ROAD,41.47,False,DELIVERED
PO-000372,PRD-00027,SUP-003,WH-003,108,11.31,1221.48,2024-01-25,2024-02-14,2024-02-13,20,SEA,31.86,False,DELIVERED
PO-000373,PRD-00027,SUP-003,WH-002,120,11.24,1348.8,2024-02-21,2024-03-19,2024-03-20,27,SEA,35.4,False,DELIVERED
PO-000374,PRD-00027,SUP-003,WH-003,132,11.2,1478.4,2024-03-17,2024-04-09,2024-04-08,23,SEA,38.94,False,DELIVERED
PO-000375,PRD-00027,SUP-003,WH-003,144,10.84,1560.96,2024-04-16,2024-05-09,2024-05-12,23,SEA,42.48,False,DELIVERED
PO-000376,PRD-00027,SUP-003,WH-001,144,11.17,1608.48,2024-05-11,2024-05-30,2024-05-29,19,SEA,42.48,False,DELIVERED
PO-000377,PRD-00027,SUP-003,WH-003,156,11.17,1742.52,2024-06-05,2024-06-24,2024-06-23,19,SEA,46.02,False,DELIVERED
PO-000378,PRD-00027,SUP-003,WH-001,156,11.18,1744.08,2024-07-05,2024-07-23,2024-07-22,18,SEA,46.02,False,DELIVERED
PO-000379,PRD-00027,SUP-003,WH-002,156,10.81,1686.36,2024-08-06,2024-09-18,2024-09-17,43,AIR,46.02,True,DELIVERED
PO-000380,PRD-00027,SUP-003,WH-001,156,11.34,1769.04,2024-08-31,2024-09-25,2024-09-28,25,SEA,46.02,False,DELIVERED
PO-000381,PRD-00027,SUP-003,WH-001,156,11.32,1765.92,2024-10-02,2024-10-30,2024-10-30,28,SEA,46.02,False,DELIVERED
PO-000382,PRD-00027,SUP-003,WH-001,192,11.37,2183.04,2024-11-01,2024-11-25,2024-11-25,24,SEA,56.64,False,DELIVERED
PO-000383,PRD-00027,SUP-003,WH-002,192,11.35,2179.2,2024-11-30,2024-12-26,2024-12-29,26,SEA,56.64,False,DELIVERED
PO-000384,PRD-00027,SUP-003,WH-002,108,11.01,1189.08,2025-01-01,2025-01-21,2025-01-20,20,SEA,31.86,False,DELIVERED
PO-000385,PRD-00027,SUP-003,WH-002,120,11.27,1352.4,2025-02-01,2025-02-19,2025-02-18,18,SEA,35.4,False,DELIVERED
PO-000386,PRD-00027,SUP-003,WH-001,132,11.49,1516.68,2025-03-04,2025-04-01,2025-03-31,28,SEA,38.94,False,DELIVERED
PO-000387,PRD-00027,SUP-003,WH-003,132,11.56,1525.92,2025-03-29,2025-04-16,2025-04-16,18,SEA,38.94,False,DELIVERED
PO-000388,PRD-00027,SUP-003,WH-002,144,10.77,1550.88,2025-04-26,2025-05-16,2025-05-15,20,SEA,42.48,False,DELIVERED
PO-000389,PRD-00027,SUP-003,WH-001,144,11.2,1612.8,2025-05-21,2025-06-17,2025-06-16,27,SEA,42.48,False,DELIVERED
PO-000390,PRD-00027,SUP-003,WH-002,156,10.8,1684.8,2025-06-19,2025-07-07,2025-07-07,18,SEA,46.02,False,DELIVERED
PO-000391,PRD-00027,SUP-003,WH-001,156,10.8,1684.8,2025-07-15,2025-08-04,2025-08-06,20,SEA,46.02,False,DELIVERED
PO-000392,PRD-00027,SUP-003,WH-003,156,11.67,1820.52,2025-08-14,2025-09-06,2025-09-06,23,SEA,46.02,False,DELIVERED
PO-000393,PRD-00027,SUP-003,WH-002,144,10.83,1559.52,2025-09-11,2025-10-16,2025-10-16,35,AIR,42.48,True,DELIVERED
PO-000394,PRD-00027,SUP-003,WH-003,156,11.22,1750.32,2025-10-13,2025-11-18,2025-11-18,36,SEA,46.02,False,DELIVERED
PO-000395,PRD-00027,SUP-003,WH-002,192,10.95,2102.4,2025-11-14,2025-12-02,2025-12-03,18,SEA,56.64,False,DELIVERED
PO-000396,PRD-00027,SUP-003,WH-003,216,10.95,2365.2,2025-12-18,2026-01-05,2026-01-08,18,SEA,63.72,False,IN_TRANSIT
PO-000397,PRD-00028,SUP-005,WH-001,144,7.85,1130.4,2024-01-06,2024-01-18,2024-01-21,12,ROAD,266.11,False,DELIVERED
PO-000398,PRD-00028,SUP-005,WH-001,192,7.43,1426.56,2024-02-18,2024-03-01,2024-02-29,12,ROAD,354.82,False,DELIVERED
PO-000399,PRD-00028,SUP-005,WH-003,192,7.74,1486.08,2024-04-05,2024-04-13,2024-04-12,8,ROAD,354.82,False,DELIVERED
PO-000400,PRD-00028,SUP-005,WH-001,192,8.04,1543.68,2024-05-21,2024-05-29,2024-06-01,8,ROAD,354.82,False,DELIVERED
PO-000401,PRD-00028,SUP-005,WH-003,240,7.85,1884.0,2024-07-02,2024-07-10,2024-07-13,8,ROAD,443.52,False,DELIVERED
PO-000402,PRD-00028,SUP-005,WH-001,240,7.87,1888.8,2024-08-12,2024-08-20,2024-08-22,8,ROAD,443.52,False,DELIVERED
PO-000403,PRD-00028,SUP-005,WH-002,240,7.63,1831.2,2024-10-01,2024-10-09,2024-10-10,8,ROAD,443.52,False,DELIVERED
PO-000404,PRD-00028,SUP-005,WH-001,288,7.97,2295.36,2024-11-14,2024-11-23,2024-11-24,9,ROAD,532.22,False,DELIVERED
PO-000405,PRD-00028,SUP-005,WH-002,336,7.68,2580.48,2024-12-30,2025-01-08,2025-01-08,9,ROAD,620.93,False,DELIVERED
PO-000406,PRD-00028,SUP-005,WH-003,192,8.07,1549.44,2025-02-09,2025-02-19,2025-02-21,10,ROAD,354.82,False,DELIVERED
PO-000407,PRD-00028,SUP-005,WH-003,192,7.91,1518.72,2025-03-23,2025-04-03,2025-04-04,11,ROAD,354.82,False,DELIVERED
PO-000408,PRD-00028,SUP-005,WH-003,192,7.58,1455.36,2025-05-09,2025-05-19,2025-05-22,10,ROAD,354.82,False,DELIVERED
PO-000409,PRD-00028,SUP-005,WH-002,240,7.53,1807.2,2025-06-19,2025-06-30,2025-06-29,11,ROAD,443.52,False,DELIVERED
PO-000410,PRD-00028,SUP-005,WH-002,240,8.03,1927.2,2025-08-08,2025-08-17,2025-08-17,9,ROAD,443.52,False,DELIVERED
PO-000411,PRD-00028,SUP-005,WH-002,192,7.67,1472.64,2025-09-21,2025-09-29,2025-10-01,8,ROAD,354.82,False,DELIVERED
PO-000412,PRD-00028,SUP-005,WH-003,288,7.76,2234.88,2025-11-02,2025-11-13,2025-11-13,11,ROAD,532.22,False,DELIVERED
PO-000413,PRD-00028,SUP-005,WH-001,336,7.77,2610.72,2025-12-12,2025-12-22,2025-12-25,10,ROAD,620.93,False,DELIVERED
PO-000414,PRD-00029,SUP-002,WH-003,192,3.9,748.8,2024-01-17,2024-01-24,2024-01-24,7,ROAD,118.66,False,DELIVERED
PO-000415,PRD-00029,SUP-002,WH-001,240,3.71,890.4,2024-03-16,2024-03-24,2024-03-24,8,ROAD,148.32,False,DELIVERED
PO-000416,PRD-00029,SUP-002,WH-003,264,3.65,963.6,2024-05-14,2024-05-21,2024-05-21,7,ROAD,163.15,False,DELIVERED
PO-000417,PRD-00029,SUP-002,WH-003,288,3.77,1085.76,2024-07-11,2024-07-20,2024-07-19,9,ROAD,177.98,False,DELIVERED
PO-000418,PRD-00029,SUP-002,WH-001,264,3.77,995.28,2024-09-13,2024-09-20,2024-09-21,7,ROAD,163.15,False,DELIVERED
PO-000419,PRD-00029,SUP-002,WH-003,360,3.71,1335.6,2024-11-13,2024-11-20,2024-11-19,7,ROAD,222.48,False,DELIVERED
PO-000420,PRD-00029,SUP-002,WH-002,192,3.78,725.76,2025-01-15,2025-01-24,2025-01-27,9,ROAD,118.66,False,DELIVERED
PO-000421,PRD-00029,SUP-002,WH-001,240,3.81,914.4,2025-03-11,2025-03-20,2025-03-21,9,ROAD,148.32,False,DELIVERED
PO-000422,PRD-00029,SUP-002,WH-001,264,3.68,971.52,2025-05-12,2025-05-21,2025-05-20,9,ROAD,163.15,False,DELIVERED
PO-000423,PRD-00029,SUP-002,WH-002,288,3.6,1036.8,2025-07-09,2025-07-20,2025-07-20,11,ROAD,177.98,False,DELIVERED
PO-000424,PRD-00029,SUP-002,WH-003,264,3.73,984.72,2025-09-04,2025-09-16,2025-09-17,12,ROAD,163.15,False,DELIVERED
PO-000425,PRD-00029,SUP-002,WH-003,360,3.66,1317.6,2025-11-04,2025-11-11,2025-11-11,7,ROAD,222.48,False,DELIVERED
PO-000426,PRD-00030,SUP-001,WH-002,168,7.43,1248.24,2024-01-17,2024-01-20,2024-01-20,3,ROAD,61.82,False,DELIVERED
PO-000427,PRD-00030,SUP-001,WH-001,192,7.3,1401.6,2024-03-03,2024-03-06,2024-03-09,3,ROAD,70.66,False,DELIVERED
PO-000428,PRD-00030,SUP-001,WH-002,216,7.2,1555.2,2024-04-13,2024-04-19,2024-04-22,6,ROAD,79.49,False,DELIVERED
PO-000429,PRD-00030,SUP-001,WH-001,240,7.37,1768.8,2024-06-02,2024-06-07,2024-06-06,5,ROAD,88.32,False,DELIVERED
PO-000430,PRD-00030,SUP-001,WH-001,240,6.9,1656.0,2024-07-20,2024-07-23,2024-07-25,3,ROAD,88.32,False,DELIVERED
PO-000431,PRD-00030,SUP-001,WH-001,216,7.26,1568.16,2024-09-05,2024-09-08,2024-09-08,3,ROAD,79.49,False,DELIVERED
PO-000432,PRD-00030,SUP-001,WH-002,240,7.2,1728.0,2024-10-18,2024-10-22,2024-10-25,4,ROAD,88.32,False,DELIVERED
PO-000433,PRD-00030,SUP-001,WH-002,336,7.33,2462.88,2024-12-06,2024-12-10,2024-12-10,4,ROAD,123.65,False,DELIVERED
PO-000434,PRD-00030,SUP-001,WH-002,168,7.61,1278.48,2025-01-18,2025-01-21,2025-01-22,3,ROAD,61.82,False,DELIVERED
PO-000435,PRD-00030,SUP-001,WH-001,192,7.31,1403.52,2025-03-04,2025-03-08,2025-03-07,4,ROAD,70.66,False,DELIVERED
PO-000436,PRD-00030,SUP-001,WH-001,216,7.38,1594.08,2025-04-16,2025-04-22,2025-04-23,6,ROAD,79.49,False,DELIVERED
PO-000437,PRD-00030,SUP-001,WH-002,216,7.31,1578.96,2025-05-26,2025-05-30,2025-05-29,4,ROAD,79.49,False,DELIVERED
PO-000438,PRD-00030,SUP-001,WH-001,240,7.2,1728.0,2025-07-08,2025-07-11,2025-07-13,3,ROAD,88.32,False,DELIVERED
PO-000439,PRD-00030,SUP-001,WH-001,240,7.22,1732.8,2025-08-24,2025-08-29,2025-08-28,5,ROAD,88.32,False,DELIVERED
PO-000440,PRD-00030,SUP-001,WH-001,240,7.4,1776.0,2025-10-07,2025-10-10,2025-10-11,3,ROAD,88.32,False,DELIVERED
PO-000441,PRD-00030,SUP-001,WH-001,288,7.2,2073.6,2025-11-22,2025-11-26,2025-11-27,4,ROAD,105.98,False,DELIVERED
PO-000442,PRD-00031,SUP-005,WH-003,120,5.4,648.0,2024-01-28,2024-02-11,2024-02-13,14,ROAD,178.68,False,DELIVERED
PO-000443,PRD-00031,SUP-005,WH-002,144,5.41,779.04,2024-03-23,2024-04-04,2024-04-05,12,ROAD,214.42,False,DELIVERED
PO-000444,PRD-00031,SUP-005,WH-001,144,5.47,787.68,2024-05-20,2024-06-01,2024-05-31,12,ROAD,214.42,False,DELIVERED
PO-000445,PRD-00031,SUP-005,WH-001,168,5.39,905.52,2024-07-17,2024-07-27,2024-07-26,10,ROAD,250.15,False,DELIVERED
PO-000446,PRD-00031,SUP-005,WH-001,144,5.23,753.12,2024-09-12,2024-09-23,2024-09-23,11,ROAD,214.42,False,DELIVERED
PO-000447,PRD-00031,SUP-005,WH-002,216,5.57,1203.12,2024-11-11,2024-11-19,2024-11-18,8,ROAD,321.62,False,DELIVERED
PO-000448,PRD-00031,SUP-005,WH-001,120,5.4,648.0,2025-01-06,2025-01-17,2025-01-20,11,ROAD,178.68,False,DELIVERED
PO-000449,PRD-00031,SUP-005,WH-003,144,5.51,793.44,2025-03-11,2025-03-24,2025-03-23,13,ROAD,214.42,False,DELIVERED
PO-000450,PRD-00031,SUP-005,WH-001,144,5.36,771.84,2025-05-08,2025-05-18,2025-05-21,10,ROAD,214.42,False,DELIVERED
PO-000451,PRD-00031,SUP-005,WH-003,168,5.51,925.68,2025-07-10,2025-07-18,2025-07-18,8,ROAD,250.15,False,DELIVERED
PO-000452,PRD-00031,SUP-005,WH-001,144,5.16,743.04,2025-09-09,2025-09-21,2025-09-20,12,ROAD,214.42,False,DELIVERED
PO-000453,PRD-00031,SUP-005,WH-003,216,5.49,1185.84,2025-11-08,2025-11-21,2025-11-20,13,ROAD,321.62,False,DELIVERED
PO-000454,PRD-00032,SUP-005,WH-003,432,1.58,682.56,2024-01-06,2024-01-14,2024-01-14,8,ROAD,844.13,False,DELIVERED
PO-000455,PRD-00032,SUP-005,WH-001,528,1.6,844.8,2024-03-09,2024-03-20,2024-03-22,11,ROAD,1031.71,False,DELIVERED
PO-000456,PRD-00032,SUP-005,WH-002,576,1.61,927.36,2024-05-10,2024-05-22,2024-05-25,12,ROAD,1125.5,False,DELIVERED
PO-000457,PRD-00032,SUP-005,WH-003,624,1.56,973.44,2024-07-11,2024-07-22,2024-07-23,11,ROAD,1219.3,False,DELIVERED
PO-000458,PRD-00032,SUP-005,WH-002,576,1.6,921.6,2024-09-04,2024-09-15,2024-09-15,11,ROAD,1125.5,False,DELIVERED
PO-000459,PRD-00032,SUP-005,WH-002,768,1.61,1236.48,2024-11-04,2024-11-15,2024-11-16,11,ROAD,1500.67,False,DELIVERED
PO-000460,PRD-00032,SUP-005,WH-002,432,1.6,691.2,2025-01-08,2025-01-21,2025-01-21,13,ROAD,844.13,False,DELIVERED
PO-000461,PRD-00032,SUP-005,WH-003,528,1.61,850.08,2025-03-10,2025-03-20,2025-03-19,10,ROAD,1031.71,False,DELIVERED
PO-000462,PRD-00032,SUP-005,WH-002,576,1.6,921.6,2025-05-06,2025-05-14,2025-05-16,8,ROAD,1125.5,False,DELIVERED
PO-000463,PRD-00032,SUP-005,WH-002,624,1.66,1035.84,2025-07-04,2025-07-14,2025-07-16,10,ROAD,1219.3,False,DELIVERED
PO-000464,PRD-00032,SUP-005,WH-001,576,1.59,915.84,2025-09-03,2025-09-20,2025-09-22,17,ROAD,1125.5,False,DELIVERED
PO-000465,PRD-00032,SUP-005,WH-003,624,1.59,992.16,2025-10-31,2025-11-08,2025-11-10,8,ROAD,1219.3,False,DELIVERED
PO-000466,PRD-00032,SUP-005,WH-001,864,1.58,1365.12,2025-12-25,2026-01-03,2026-01-04,9,ROAD,1688.26,False,IN_TRANSIT
PO-000467,PRD-00033,SUP-001,WH-001,200,8.41,1682.0,2024-01-19,2024-01-23,2024-01-25,4,ROAD,360.6,False,DELIVERED
PO-000468,PRD-00033,SUP-001,WH-002,200,8.35,1670.0,2024-03-08,2024-03-11,2024-03-12,3,ROAD,360.6,False,DELIVERED
PO-000469,PRD-00033,SUP-001,WH-001,200,8.4,1680.0,2024-04-21,2024-04-25,2024-04-25,4,ROAD,360.6,False,DELIVERED
PO-000470,PRD-00033,SUP-001,WH-001,200,8.44,1688.0,2024-06-08,2024-06-15,2024-06-18,7,ROAD,360.6,False,DELIVERED
PO-000471,PRD-00033,SUP-001,WH-002,200,8.69,1738.0,2024-07-24,2024-07-28,2024-07-30,4,ROAD,360.6,False,DELIVERED
PO-000472,PRD-00033,SUP-001,WH-002,200,8.69,1738.0,2024-09-03,2024-09-08,2024-09-11,5,ROAD,360.6,False,DELIVERED
PO-000473,PRD-00033,SUP-001,WH-003,200,8.3,1660.0,2024-10-17,2024-10-22,2024-10-24,5,ROAD,360.6,False,DELIVERED
PO-000474,PRD-00033,SUP-001,WH-001,300,8.55,2565.0,2024-11-30,2024-12-05,2024-12-04,5,ROAD,540.9,False,DELIVERED
PO-000475,PRD-00033,SUP-001,WH-002,200,8.18,1636.0,2025-01-16,2025-01-22,2025-01-23,6,ROAD,360.6,False,DELIVERED
PO-000476,PRD-00033,SUP-001,WH-002,200,8.57,1714.0,2025-03-05,2025-03-10,2025-03-10,5,ROAD,360.6,False,DELIVERED
PO-000477,PRD-00033,SUP-001,WH-002,200,8.4,1680.0,2025-04-20,2025-04-26,2025-04-25,6,ROAD,360.6,False,DELIVERED
PO-000478,PRD-00033,SUP-001,WH-002,200,8.52,1704.0,2025-06-04,2025-06-07,2025-06-10,3,ROAD,360.6,False,DELIVERED
PO-000479,PRD-00033,SUP-001,WH-003,200,8.34,1668.0,2025-07-19,2025-07-24,2025-07-25,5,ROAD,360.6,False,DELIVERED
PO-000480,PRD-00033,SUP-001,WH-001,200,8.34,1668.0,2025-08-28,2025-09-01,2025-09-04,4,ROAD,360.6,False,DELIVERED
PO-000481,PRD-00033,SUP-001,WH-003,200,8.5,1700.0,2025-10-07,2025-10-10,2025-10-10,3,ROAD,360.6,False,DELIVERED
PO-000482,PRD-00033,SUP-001,WH-001,300,8.47,2541.0,2025-11-22,2025-11-26,2025-11-26,4,ROAD,540.9,False,DELIVERED
PO-000483,PRD-00034,SUP-006,WH-002,246,2.54,624.84,2024-01-21,2024-02-03,2024-02-05,13,ROAD,183.76,False,DELIVERED
PO-000484,PRD-00034,SUP-006,WH-002,300,2.57,771.0,2024-03-25,2024-04-07,2024-04-10,13,ROAD,224.1,False,DELIVERED
PO-000485,PRD-00034,SUP-006,WH-003,330,2.63,867.9,2024-05-20,2024-06-03,2024-06-02,14,ROAD,246.51,False,DELIVERED
PO-000486,PRD-00034,SUP-006,WH-002,360,2.57,925.2,2024-07-22,2024-08-04,2024-08-06,13,ROAD,268.92,False,DELIVERED
PO-000487,PRD-00034,SUP-006,WH-003,330,2.56,844.8,2024-09-25,2024-10-17,2024-10-17,22,ROAD,246.51,False,DELIVERED
PO-000488,PRD-00034,SUP-006,WH-002,444,2.49,1105.56,2024-11-21,2024-12-02,2024-12-01,11,ROAD,331.67,False,DELIVERED
PO-000489,PRD-00034,SUP-006,WH-003,246,2.58,634.68,2025-01-15,2025-01-25,2025-01-27,10,ROAD,183.76,False,DELIVERED
PO-000490,PRD-00034,SUP-006,WH-002,300,2.55,765.0,2025-03-13,2025-03-24,2025-03-27,11,ROAD,224.1,False,DELIVERED
PO-000491,PRD-00034,SUP-006,WH-003,330,2.58,851.4,2025-05-11,2025-05-21,2025-05-23,10,ROAD,246.51,False,DELIVERED
PO-000492,PRD-00034,SUP-006,WH-003,360,2.56,921.6,2025-07-07,2025-08-02,2025-08-04,26,ROAD,268.92,False,DELIVERED
PO-000493,PRD-00034,SUP-006,WH-001,330,2.59,854.7,2025-09-02,2025-09-16,2025-09-17,14,ROAD,246.51,False,DELIVERED
PO-000494,PRD-00034,SUP-006,WH-002,360,2.61,939.6,2025-10-28,2025-11-10,2025-11-12,13,ROAD,268.92,False,DELIVERED
PO-000495,PRD-00034,SUP-006,WH-002,492,2.62,1289.04,2025-12-28,2026-01-08,2026-01-10,11,ROAD,367.52,False,IN_TRANSIT
PO-000496,PRD-00035,SUP-006,WH-002,144,8.86,1275.84,2024-01-06,2024-01-18,2024-01-17,12,ROAD,112.75,False,DELIVERED
PO-000497,PRD-00035,SUP-006,WH-003,168,8.85,1486.8,2024-02-22,2024-03-05,2024-03-07,12,ROAD,131.54,False,DELIVERED
PO-000498,PRD-00035,SUP-006,WH-003,192,8.9,1708.8,2024-04-04,2024-04-18,2024-04-17,14,ROAD,150.34,False,DELIVERED
PO-000499,PRD-00035,SUP-006,WH-002,192,8.97,1722.24,2024-05-19,2024-06-05,2024-06-05,17,ROAD,150.34,False,DELIVERED
PO-000500,PRD-00035,SUP-006,WH-003,216,8.82,1905.12,2024-07-02,2024-07-15,2024-07-18,13,ROAD,169.13,False,DELIVERED
PO-000501,PRD-00035,SUP-006,WH-001,216,8.97,1937.52,2024-08-17,2024-08-29,2024-08-30,12,ROAD,169.13,False,DELIVERED
PO-000502,PRD-00035,SUP-006,WH-003,192,8.71,1672.32,2024-09-27,2024-10-11,2024-10-14,14,ROAD,150.34,False,DELIVERED
PO-000503,PRD-00035,SUP-006,WH-001,264,9.17,2420.88,2024-11-06,2024-11-20,2024-11-20,14,ROAD,206.71,False,DELIVERED
PO-000504,PRD-00035,SUP-006,WH-003,288,9.28,2672.64,2024-12-17,2024-12-28,2024-12-30,11,ROAD,225.5,False,DELIVERED
PO-000505,PRD-00035,SUP-006,WH-001,168,8.86,1488.48,2025-02-01,2025-02-14,2025-02-17,13,ROAD,131.54,False,DELIVERED
PO-000506,PRD-00035,SUP-006,WH-001,168,8.85,1486.8,2025-03-15,2025-03-28,2025-03-27,13,ROAD,131.54,False,DELIVERED
PO-000507,PRD-00035,SUP-006,WH-001,192,9.04,1735.68,2025-05-02,2025-05-12,2025-05-11,10,ROAD,150.34,False,DELIVERED
PO-000508,PRD-00035,SUP-006,WH-001,216,8.92,1926.72,2025-06-20,2025-07-05,2025-07-07,15,ROAD,169.13,False,DELIVERED
PO-000509,PRD-00035,SUP-006,WH-003,216,9.08,1961.28,2025-08-04,2025-08-16,2025-08-16,12,ROAD,169.13,False,DELIVERED
PO-000510,PRD-00035,SUP-006,WH-001,192,8.61,1653.12,2025-09-22,2025-10-02,2025-10-05,10,ROAD,150.34,False,DELIVERED
PO-000511,PRD-00035,SUP-006,WH-002,264,8.94,2360.16,2025-11-01,2025-11-15,2025-11-15,14,ROAD,206.71,False,DELIVERED
PO-000512,PRD-00035,SUP-006,WH-003,288,8.69,2502.72,2025-12-17,2025-12-31,2026-01-02,14,ROAD,225.5,False,IN_TRANSIT
PO-000513,PRD-00036,SUP-002,WH-003,108,6.39,690.12,2024-01-07,2024-01-15,2024-01-17,8,ROAD,150.44,False,DELIVERED
PO-000514,PRD-00036,SUP-002,WH-001,132,5.89,777.48,2024-03-08,2024-03-15,2024-03-16,7,ROAD,183.88,False,DELIVERED
PO-000515,PRD-00036,SUP-002,WH-003,144,6.19,891.36,2024-05-08,2024-05-17,2024-05-16,9,ROAD,200.59,False,DELIVERED
PO-000516,PRD-00036,SUP-002,WH-002,162,6.15,996.3,2024-07-08,2024-07-17,2024-07-18,9,ROAD,225.67,False,DELIVERED
PO-000517,PRD-00036,SUP-002,WH-001,144,6.14,884.16,2024-09-01,2024-09-10,2024-09-09,9,ROAD,200.59,False,DELIVERED
PO-000518,PRD-00036,SUP-002,WH-002,162,6.1,988.2,2024-10-30,2024-11-08,2024-11-09,9,ROAD,225.67,False,DELIVERED
PO-000519,PRD-00036,SUP-002,WH-002,216,6.26,1352.16,2024-12-24,2024-12-31,2025-01-03,7,ROAD,300.89,False,DELIVERED
PO-000520,PRD-00036,SUP-002,WH-002,114,6.22,709.08,2025-02-22,2025-03-04,2025-03-07,10,ROAD,158.8,False,DELIVERED
PO-000521,PRD-00036,SUP-002,WH-001,138,6.15,848.7,2025-04-23,2025-05-04,2025-05-03,11,ROAD,192.23,False,DELIVERED
PO-000522,PRD-00036,SUP-002,WH-002,150,6.24,936.0,2025-06-24,2025-07-01,2025-07-04,7,ROAD,208.95,False,DELIVERED
PO-000523,PRD-00036,SUP-002,WH-001,150,6.2,930.0,2025-08-19,2025-08-27,2025-08-30,8,ROAD,208.95,False,DELIVERED
PO-000524,PRD-00036,SUP-002,WH-001,162,6.23,1009.26,2025-10-13,2025-10-21,2025-10-21,8,ROAD,225.67,False,DELIVERED
PO-000525,PRD-00036,SUP-002,WH-003,216,6.35,1371.6,2025-12-12,2025-12-21,2025-12-22,9,ROAD,300.89,False,DELIVERED
PO-000526,PRD-00037,SUP-006,WH-002,100,5.95,595.0,2024-01-18,2024-01-30,2024-01-30,12,ROAD,185.3,False,DELIVERED
PO-000527,PRD-00037,SUP-006,WH-003,100,5.98,598.0,2024-03-21,2024-04-03,2024-04-02,13,ROAD,185.3,False,DELIVERED
PO-000528,PRD-00037,SUP-006,WH-002,200,6.02,1204.0,2024-05-20,2024-06-05,2024-06-08,16,ROAD,370.6,False,DELIVERED
PO-000529,PRD-00037,SUP-006,WH-001,200,6.42,1284.0,2024-07-15,2024-07-26,2024-07-25,11,ROAD,370.6,False,DELIVERED
PO-000530,PRD-00037,SUP-006,WH-003,200,6.25,1250.0,2024-09-08,2024-09-24,2024-09-25,16,ROAD,370.6,False,DELIVERED
PO-000531,PRD-00037,SUP-006,WH-002,200,6.27,1254.0,2024-11-06,2024-11-20,2024-11-21,14,ROAD,370.6,False,DELIVERED
PO-000532,PRD-00037,SUP-006,WH-002,100,6.17,617.0,2025-01-01,2025-01-11,2025-01-12,10,ROAD,185.3,False,DELIVERED
PO-000533,PRD-00037,SUP-006,WH-003,100,6.06,606.0,2025-03-02,2025-03-14,2025-03-14,12,ROAD,185.3,False,DELIVERED
PO-000534,PRD-00037,SUP-006,WH-001,200,6.09,1218.0,2025-05-06,2025-05-20,2025-05-19,14,ROAD,370.6,False,DELIVERED
PO-000535,PRD-00037,SUP-006,WH-003,200,6.05,1210.0,2025-07-10,2025-07-20,2025-07-21,10,ROAD,370.6,False,DELIVERED
PO-000536,PRD-00037,SUP-006,WH-001,200,5.9,1180.0,2025-09-03,2025-09-14,2025-09-17,11,ROAD,370.6,False,DELIVERED
PO-000537,PRD-00037,SUP-006,WH-003,200,5.9,1180.0,2025-11-07,2025-11-19,2025-11-22,12,ROAD,370.6,False,DELIVERED
PO-000538,PRD-00038,SUP-007,WH-002,100,19.17,1917.0,2024-01-20,2024-02-05,2024-02-04,16,AIR,111.7,False,DELIVERED
PO-000539,PRD-00038,SUP-007,WH-001,100,18.91,1891.0,2024-02-23,2024-03-08,2024-03-08,14,AIR,111.7,False,DELIVERED
PO-000540,PRD-00038,SUP-007,WH-003,100,19.23,1923.0,2024-03-23,2024-04-06,2024-04-08,14,AIR,111.7,False,DELIVERED
PO-000541,PRD-00038,SUP-007,WH-003,100,18.72,1872.0,2024-04-20,2024-05-09,2024-05-11,19,AIR,111.7,False,DELIVERED
PO-000542,PRD-00038,SUP-007,WH-002,100,19.28,1928.0,2024-05-24,2024-06-11,2024-06-14,18,AIR,111.7,False,DELIVERED
PO-000543,PRD-00038,SUP-007,WH-002,100,19.16,1916.0,2024-06-19,2024-07-03,2024-07-04,14,AIR,111.7,False,DELIVERED
PO-000544,PRD-00038,SUP-007,WH-001,100,19.0,1900.0,2024-07-16,2024-08-10,2024-08-13,25,AIR,111.7,False,DELIVERED
PO-000545,PRD-00038,SUP-007,WH-003,100,18.85,1885.0,2024-08-15,2024-08-30,2024-09-02,15,AIR,111.7,False,DELIVERED
PO-000546,PRD-00038,SUP-007,WH-002,100,18.9,1890.0,2024-09-09,2024-09-30,2024-10-01,21,AIR,111.7,False,DELIVERED
PO-000547,PRD-00038,SUP-007,WH-003,100,18.56,1856.0,2024-10-12,2024-11-01,2024-11-03,20,AIR,111.7,False,DELIVERED
PO-000548,PRD-00038,SUP-007,WH-003,100,19.46,1946.0,2024-11-08,2024-11-27,2024-11-27,19,AIR,111.7,False,DELIVERED
PO-000549,PRD-00038,SUP-007,WH-001,100,19.13,1913.0,2024-12-07,2024-12-27,2024-12-29,20,AIR,111.7,False,DELIVERED
PO-000550,PRD-00038,SUP-007,WH-003,100,18.51,1851.0,2025-01-09,2025-01-28,2025-01-30,19,AIR,111.7,False,DELIVERED
PO-000551,PRD-00038,SUP-007,WH-002,100,18.9,1890.0,2025-02-06,2025-02-20,2025-02-21,14,AIR,111.7,False,DELIVERED
PO-000552,PRD-00038,SUP-007,WH-002,100,19.43,1943.0,2025-03-04,2025-03-22,2025-03-24,18,AIR,111.7,False,DELIVERED
PO-000553,PRD-00038,SUP-007,WH-001,100,18.49,1849.0,2025-03-29,2025-04-12,2025-04-13,14,AIR,111.7,False,DELIVERED
PO-000554,PRD-00038,SUP-007,WH-003,100,18.66,1866.0,2025-04-29,2025-05-21,2025-05-24,22,AIR,111.7,False,DELIVERED
PO-000555,PRD-00038,SUP-007,WH-003,100,18.95,1895.0,2025-06-03,2025-06-24,2025-06-25,21,AIR,111.7,False,DELIVERED
PO-000556,PRD-00038,SUP-007,WH-003,100,18.14,1814.0,2025-07-01,2025-07-15,2025-07-17,14,AIR,111.7,False,DELIVERED
PO-000557,PRD-00038,SUP-007,WH-003,100,19.1,1910.0,2025-07-27,2025-08-10,2025-08-10,14,AIR,111.7,False,DELIVERED
PO-000558,PRD-00038,SUP-007,WH-002,100,18.44,1844.0,2025-08-21,2025-09-05,2025-09-07,15,AIR,111.7,False,DELIVERED
PO-000559,PRD-00038,SUP-007,WH-003,100,19.68,1968.0,2025-09-22,2025-10-14,2025-10-17,22,AIR,111.7,False,DELIVERED
PO-000560,PRD-00038,SUP-007,WH-001,100,18.69,1869.0,2025-10-27,2025-11-10,2025-11-13,14,AIR,111.7,False,DELIVERED
PO-000561,PRD-00038,SUP-007,WH-001,100,18.51,1851.0,2025-11-29,2025-12-23,2025-12-24,24,AIR,111.7,False,DELIVERED
PO-000562,PRD-00039,SUP-007,WH-003,48,28.01,1344.48,2024-01-14,2024-02-02,2024-02-02,19,AIR,34.51,False,DELIVERED
PO-000563,PRD-00039,SUP-007,WH-003,48,26.48,1271.04,2024-02-18,2024-03-12,2024-03-14,23,AIR,34.51,False,DELIVERED
PO-000564,PRD-00039,SUP-007,WH-001,48,28.16,1351.68,2024-03-24,2024-04-12,2024-04-12,19,AIR,34.51,False,DELIVERED
PO-000565,PRD-00039,SUP-007,WH-003,48,27.62,1325.76,2024-04-22,2024-05-08,2024-05-11,16,AIR,34.51,False,DELIVERED
PO-000566,PRD-00039,SUP-007,WH-001,72,27.14,1954.08,2024-05-22,2024-06-07,2024-06-09,16,AIR,51.77,False,DELIVERED
PO-000567,PRD-00039,SUP-007,WH-002,72,27.35,1969.2,2024-06-24,2024-07-30,2024-07-31,36,AIR,51.77,False,DELIVERED
PO-000568,PRD-00039,SUP-007,WH-001,72,26.34,1896.48,2024-07-26,2024-08-15,2024-08-17,20,AIR,51.77,False,DELIVERED
PO-000569,PRD-00039,SUP-007,WH-002,72,27.06,1948.32,2024-08-24,2024-09-07,2024-09-09,14,AIR,51.77,False,DELIVERED
PO-000570,PRD-00039,SUP-007,WH-001,72,27.3,1965.6,2024-09-19,2024-10-03,2024-10-03,14,AIR,51.77,False,DELIVERED
PO-000571,PRD-00039,SUP-007,WH-003,72,27.51,1980.72,2024-10-16,2024-11-03,2024-11-04,18,AIR,51.77,False,DELIVERED
PO-000572,PRD-00039,SUP-007,WH-003,96,27.98,2686.08,2024-11-15,2024-12-02,2024-12-03,17,AIR,69.02,False,DELIVERED
PO-000573,PRD-00039,SUP-007,WH-003,96,27.14,2605.44,2024-12-10,2024-12-27,2024-12-28,17,AIR,69.02,False,DELIVERED
PO-000574,PRD-00039,SUP-007,WH-003,48,28.01,1344.48,2025-01-11,2025-01-28,2025-01-30,17,AIR,34.51,False,DELIVERED
PO-000575,PRD-00039,SUP-007,WH-003,48,27.8,1334.4,2025-02-06,2025-02-25,2025-02-27,19,AIR,34.51,False,DELIVERED
PO-000576,PRD-00039,SUP-007,WH-003,48,26.55,1274.4,2025-03-11,2025-03-25,2025-03-26,14,AIR,34.51,False,DELIVERED
PO-000577,PRD-00039,SUP-007,WH-003,48,28.6,1372.8,2025-04-14,2025-05-03,2025-05-05,19,AIR,34.51,False,DELIVERED
PO-000578,PRD-00039,SUP-007,WH-002,72,26.32,1895.04,2025-05-10,2025-06-03,2025-06-04,24,AIR,51.77,False,DELIVERED
PO-000579,PRD-00039,SUP-007,WH-002,72,27.08,1949.76,2025-06-11,2025-07-06,2025-07-07,25,AIR,51.77,False,DELIVERED
PO-000580,PRD-00039,SUP-007,WH-003,72,27.08,1949.76,2025-07-10,2025-07-30,2025-07-30,20,AIR,51.77,False,DELIVERED
PO-000581,PRD-00039,SUP-007,WH-002,72,27.58,1985.76,2025-08-14,2025-08-30,2025-09-01,16,AIR,51.77,False,DELIVERED
PO-000582,PRD-00039,SUP-007,WH-003,72,27.23,1960.56,2025-09-08,2025-10-01,2025-10-03,23,AIR,51.77,False,DELIVERED
PO-000583,PRD-00039,SUP-007,WH-002,72,26.62,1916.64,2025-10-08,2025-11-01,2025-11-01,24,AIR,51.77,False,DELIVERED
PO-000584,PRD-00039,SUP-007,WH-001,96,28.95,2779.2,2025-11-06,2025-11-26,2025-11-28,20,AIR,69.02,False,DELIVERED
PO-000585,PRD-00039,SUP-007,WH-001,96,27.35,2625.6,2025-12-08,2025-12-26,2025-12-29,18,AIR,69.02,False,DELIVERED
PO-000586,PRD-00040,SUP-006,WH-001,120,6.52,782.4,2024-01-21,2024-02-04,2024-02-04,14,ROAD,132.6,False,DELIVERED
PO-000587,PRD-00040,SUP-006,WH-002,144,6.61,951.84,2024-03-01,2024-03-11,2024-03-10,10,ROAD,159.12,False,DELIVERED
PO-000588,PRD-00040,SUP-006,WH-001,144,6.44,927.36,2024-04-12,2024-04-24,2024-04-27,12,ROAD,159.12,False,DELIVERED
PO-000589,PRD-00040,SUP-006,WH-002,168,6.44,1081.92,2024-05-25,2024-06-07,2024-06-09,13,ROAD,185.64,False,DELIVERED
PO-000590,PRD-00040,SUP-006,WH-002,192,6.4,1228.8,2024-07-04,2024-07-14,2024-07-13,10,ROAD,212.16,False,DELIVERED
PO-000591,PRD-00040,SUP-006,WH-003,168,6.52,1095.36,2024-08-20,2024-08-30,2024-08-31,10,ROAD,185.64,False,DELIVERED
PO-000592,PRD-00040,SUP-006,WH-001,192,6.42,1232.64,2024-10-03,2024-10-16,2024-10-19,13,ROAD,212.16,False,DELIVERED
PO-000593,PRD-00040,SUP-006,WH-003,216,6.45,1393.2,2024-11-12,2024-11-24,2024-11-26,12,ROAD,238.68,False,DELIVERED
PO-000594,PRD-00040,SUP-006,WH-001,240,6.52,1564.8,2024-12-31,2025-01-12,2025-01-15,12,ROAD,265.2,False,DELIVERED
PO-000595,PRD-00040,SUP-006,WH-001,120,6.27,752.4,2025-02-17,2025-03-03,2025-03-05,14,ROAD,132.6,False,DELIVERED
PO-000596,PRD-00040,SUP-006,WH-002,144,6.42,924.48,2025-04-05,2025-04-20,2025-04-21,15,ROAD,159.12,False,DELIVERED
PO-000597,PRD-00040,SUP-006,WH-001,168,6.45,1083.6,2025-05-16,2025-05-26,2025-05-27,10,ROAD,185.64,False,DELIVERED
PO-000598,PRD-00040,SUP-006,WH-002,168,6.42,1078.56,2025-06-30,2025-07-15,2025-07-14,15,ROAD,185.64,False,DELIVERED
PO-000599,PRD-00040,SUP-006,WH-002,168,6.3,1058.4,2025-08-18,2025-08-29,2025-09-01,11,ROAD,185.64,False,DELIVERED
PO-000600,PRD-00040,SUP-006,WH-003,168,6.26,1051.68,2025-09-30,2025-10-16,2025-10-18,16,ROAD,185.64,False,DELIVERED
PO-000601,PRD-00040,SUP-006,WH-002,216,6.23,1345.68,2025-11-13,2025-11-28,2025-11-29,15,ROAD,238.68,False,DELIVERED
PO-000602,PRD-00040,SUP-006,WH-001,240,6.32,1516.8,2025-12-26,2026-01-07,2026-01-06,12,ROAD,265.2,False,IN_TRANSIT
PO-000603,PRD-00041,SUP-004,WH-002,48,18.02,864.96,2024-01-12,2024-02-09,2024-02-12,28,SEA,13.92,False,DELIVERED
PO-000604,PRD-00041,SUP-004,WH-002,48,17.6,844.8,2024-02-13,2024-03-21,2024-03-23,37,AIR,13.92,True,DELIVERED
PO-000605,PRD-00041,SUP-004,WH-002,48,18.48,887.04,2024-03-13,2024-04-02,2024-04-01,20,SEA,13.92,False,DELIVERED
PO-000606,PRD-00041,SUP-004,WH-002,96,17.33,1663.68,2024-04-10,2024-05-01,2024-05-04,21,SEA,27.84,False,DELIVERED
PO-000607,PRD-00041,SUP-004,WH-001,96,18.4,1766.4,2024-05-09,2024-06-10,2024-06-10,32,AIR,27.84,True,DELIVERED
PO-000608,PRD-00041,SUP-004,WH-002,96,17.74,1703.04,2024-06-07,2024-06-30,2024-06-30,23,SEA,27.84,False,DELIVERED
PO-000609,PRD-00041,SUP-004,WH-003,96,18.14,1741.44,2024-07-11,2024-08-10,2024-08-10,30,SEA,27.84,False,DELIVERED
PO-000610,PRD-00041,SUP-004,WH-002,96,17.88,1716.48,2024-08-06,2024-09-01,2024-09-04,26,SEA,27.84,False,DELIVERED
PO-000611,PRD-00041,SUP-004,WH-001,96,18.11,1738.56,2024-09-07,2024-10-06,2024-10-07,29,SEA,27.84,False,DELIVERED
PO-000612,PRD-00041,SUP-004,WH-002,96,18.47,1773.12,2024-10-07,2024-10-28,2024-10-30,21,SEA,27.84,False,DELIVERED
PO-000613,PRD-00041,SUP-004,WH-001,96,17.63,1692.48,2024-11-03,2024-11-28,2024-11-30,25,SEA,27.84,False,DELIVERED
PO-000614,PRD-00041,SUP-004,WH-001,96,18.22,1749.12,2024-11-30,2024-12-27,2024-12-27,27,SEA,27.84,False,DELIVERED
PO-000615,PRD-00041,SUP-004,WH-002,96,17.65,1694.4,2024-12-29,2025-01-24,2025-01-26,26,SEA,27.84,False,DELIVERED
PO-000616,PRD-00041,SUP-004,WH-001,48,18.76,900.48,2025-01-24,2025-02-26,2025-02-28,33,SEA,13.92,False,DELIVERED
PO-000617,PRD-00041,SUP-004,WH-002,48,18.0,864.0,2025-02-24,2025-03-16,2025-03-19,20,SEA,13.92,False,DELIVERED
PO-000618,PRD-00041,SUP-004,WH-001,48,18.56,890.88,2025-03-29,2025-04-23,2025-04-26,25,SEA,13.92,False,DELIVERED
PO-000619,PRD-00041,SUP-004,WH-001,96,17.82,1710.72,2025-04-25,2025-05-15,2025-05-14,20,SEA,27.84,False,DELIVERED
PO-000620,PRD-00041,SUP-004,WH-002,96,18.42,1768.32,2025-05-25,2025-06-18,2025-06-20,24,SEA,27.84,False,DELIVERED
PO-000621,PRD-00041,SUP-004,WH-001,96,17.8,1708.8,2025-06-28,2025-07-30,2025-07-31,32,AIR,27.84,True,DELIVERED
PO-000622,PRD-00041,SUP-004,WH-001,96,18.86,1810.56,2025-08-02,2025-08-25,2025-08-24,23,SEA,27.84,False,DELIVERED
PO-000623,PRD-00041,SUP-004,WH-002,96,18.46,1772.16,2025-09-06,2025-10-20,2025-10-22,44,AIR,27.84,True,DELIVERED
PO-000624,PRD-00041,SUP-004,WH-001,96,17.71,1700.16,2025-10-06,2025-10-27,2025-10-29,21,SEA,27.84,False,DELIVERED
PO-000625,PRD-00041,SUP-004,WH-003,96,18.38,1764.48,2025-11-02,2025-11-25,2025-11-26,23,SEA,27.84,False,DELIVERED
PO-000626,PRD-00041,SUP-004,WH-001,96,18.29,1755.84,2025-12-05,2026-01-05,2026-01-05,31,AIR,27.84,True,IN_TRANSIT
PO-000627,PRD-00042,SUP-006,WH-001,48,20.09,964.32,2024-01-23,2024-02-04,2024-02-07,12,ROAD,62.69,False,DELIVERED
PO-000628,PRD-00042,SUP-006,WH-001,48,19.93,956.64,2024-02-25,2024-03-11,2024-03-11,15,ROAD,62.69,False,DELIVERED
PO-000629,PRD-00042,SUP-006,WH-001,60,20.66,1239.6,2024-03-24,2024-04-04,2024-04-05,11,ROAD,78.36,False,DELIVERED
PO-000630,PRD-00042,SUP-006,WH-003,60,20.06,1203.6,2024-04-18,2024-05-02,2024-05-03,14,ROAD,78.36,False,DELIVERED
PO-000631,PRD-00042,SUP-006,WH-003,60,20.13,1207.8,2024-05-13,2024-05-25,2024-05-24,12,ROAD,78.36,False,DELIVERED
PO-000632,PRD-00042,SUP-006,WH-002,60,20.78,1246.8,2024-06-09,2024-06-24,2024-06-26,15,ROAD,78.36,False,DELIVERED
PO-000633,PRD-00042,SUP-006,WH-002,72,20.66,1487.52,2024-07-09,2024-07-20,2024-07-21,11,ROAD,94.03,False,DELIVERED
PO-000634,PRD-00042,SUP-006,WH-002,60,19.99,1199.4,2024-08-11,2024-08-24,2024-08-25,13,ROAD,78.36,False,DELIVERED
PO-000635,PRD-00042,SUP-006,WH-001,60,20.34,1220.4,2024-09-12,2024-09-22,2024-09-23,10,ROAD,78.36,False,DELIVERED
PO-000636,PRD-00042,SUP-006,WH-002,72,20.33,1463.76,2024-10-16,2024-10-29,2024-11-01,13,ROAD,94.03,False,DELIVERED
PO-000637,PRD-00042,SUP-006,WH-003,84,19.68,1653.12,2024-11-15,2024-11-25,2024-11-25,10,ROAD,109.7,False,DELIVERED
PO-000638,PRD-00042,SUP-006,WH-003,96,20.92,2008.32,2024-12-19,2025-01-06,2025-01-09,18,ROAD,125.38,False,DELIVERED
PO-000639,PRD-00042,SUP-006,WH-003,48,20.0,960.0,2025-01-14,2025-01-30,2025-01-30,16,ROAD,62.69,False,DELIVERED
PO-000640,PRD-00042,SUP-006,WH-003,48,19.69,945.12,2025-02-14,2025-02-28,2025-02-28,14,ROAD,62.69,False,DELIVERED
PO-000641,PRD-00042,SUP-006,WH-003,60,20.18,1210.8,2025-03-19,2025-04-01,2025-03-31,13,ROAD,78.36,False,DELIVERED
PO-000642,PRD-00042,SUP-006,WH-002,60,19.94,1196.4,2025-04-16,2025-04-28,2025-04-28,12,ROAD,78.36,False,DELIVERED
PO-000643,PRD-00042,SUP-006,WH-003,60,20.55,1233.0,2025-05-19,2025-06-08,2025-06-10,20,ROAD,78.36,False,DELIVERED
PO-000644,PRD-00042,SUP-006,WH-003,60,19.7,1182.0,2025-06-19,2025-07-12,2025-07-11,23,ROAD,78.36,False,DELIVERED
PO-000645,PRD-00042,SUP-006,WH-002,72,21.05,1515.6,2025-07-24,2025-08-07,2025-08-09,14,ROAD,94.03,False,DELIVERED
PO-000646,PRD-00042,SUP-006,WH-003,60,20.14,1208.4,2025-08-19,2025-09-01,2025-09-01,13,ROAD,78.36,False,DELIVERED
PO-000647,PRD-00042,SUP-006,WH-002,60,20.3,1218.0,2025-09-21,2025-10-02,2025-10-02,11,ROAD,78.36,False,DELIVERED
PO-000648,PRD-00042,SUP-006,WH-002,72,20.25,1458.0,2025-10-23,2025-11-02,2025-11-02,10,ROAD,94.03,False,DELIVERED
PO-000649,PRD-00042,SUP-006,WH-001,84,20.13,1690.92,2025-11-17,2025-11-27,2025-11-29,10,ROAD,109.7,False,DELIVERED
PO-000650,PRD-00042,SUP-006,WH-001,96,20.51,1968.96,2025-12-12,2025-12-27,2025-12-30,15,ROAD,125.38,False,DELIVERED
PO-000651,PRD-00043,SUP-007,WH-002,100,10.1,1010.0,2024-01-13,2024-01-27,2024-01-29,14,AIR,80.6,False,DELIVERED
PO-000652,PRD-00043,SUP-007,WH-002,100,10.38,1038.0,2024-02-10,2024-02-29,2024-03-01,19,AIR,80.6,False,DELIVERED
PO-000653,PRD-00043,SUP-007,WH-001,100,10.2,1020.0,2024-03-11,2024-03-27,2024-03-28,16,AIR,80.6,False,DELIVERED
PO-000654,PRD-00043,SUP-007,WH-002,100,10.17,1017.0,2024-04-11,2024-04-29,2024-04-28,18,AIR,80.6,False,DELIVERED
PO-000655,PRD-00043,SUP-007,WH-002,200,10.21,2042.0,2024-05-09,2024-06-12,2024-06-11,34,SEA,161.2,True,DELIVERED
PO-000656,PRD-00043,SUP-007,WH-003,200,10.01,2002.0,2024-06-05,2024-06-19,2024-06-20,14,AIR,161.2,False,DELIVERED
PO-000657,PRD-00043,SUP-007,WH-002,200,9.62,1924.0,2024-07-10,2024-08-07,2024-08-06,28,AIR,161.2,False,DELIVERED
PO-000658,PRD-00043,SUP-007,WH-003,200,10.18,2036.0,2024-08-06,2024-08-22,2024-08-24,16,AIR,161.2,False,DELIVERED
PO-000659,PRD-00043,SUP-007,WH-003,200,10.16,2032.0,2024-09-05,2024-09-25,2024-09-27,20,AIR,161.2,False,DELIVERED
PO-000660,PRD-00043,SUP-007,WH-002,200,10.01,2002.0,2024-10-05,2024-10-21,2024-10-21,16,AIR,161.2,False,DELIVERED
PO-000661,PRD-00043,SUP-007,WH-003,200,10.1,2020.0,2024-10-30,2024-11-18,2024-11-17,19,AIR,161.2,False,DELIVERED
PO-000662,PRD-00043,SUP-007,WH-003,200,9.93,1986.0,2024-12-02,2024-12-16,2024-12-19,14,AIR,161.2,False,DELIVERED
PO-000663,PRD-00043,SUP-007,WH-003,200,9.65,1930.0,2024-12-30,2025-01-17,2025-01-17,18,AIR,161.2,False,DELIVERED
PO-000664,PRD-00043,SUP-007,WH-002,100,9.64,964.0,2025-02-02,2025-02-24,2025-02-26,22,AIR,80.6,False,DELIVERED
PO-000665,PRD-00043,SUP-007,WH-001,100,10.27,1027.0,2025-02-27,2025-03-18,2025-03-18,19,AIR,80.6,False,DELIVERED
PO-000666,PRD-00043,SUP-007,WH-002,100,9.99,999.0,2025-03-31,2025-04-22,2025-04-21,22,AIR,80.6,False,DELIVERED
PO-000667,PRD-00043,SUP-007,WH-002,100,9.99,999.0,2025-04-25,2025-05-26,2025-05-28,31,AIR,80.6,False,DELIVERED
PO-000668,PRD-00043,SUP-007,WH-003,200,9.92,1984.0,2025-05-24,2025-06-09,2025-06-11,16,AIR,161.2,False,DELIVERED
PO-000669,PRD-00043,SUP-007,WH-002,200,9.9,1980.0,2025-06-25,2025-07-11,2025-07-11,16,AIR,161.2,False,DELIVERED
PO-000670,PRD-00043,SUP-007,WH-002,200,9.74,1948.0,2025-07-26,2025-08-09,2025-08-08,14,AIR,161.2,False,DELIVERED
PO-000671,PRD-00043,SUP-007,WH-002,200,10.21,2042.0,2025-08-27,2025-09-22,2025-09-22,26,AIR,161.2,False,DELIVERED
PO-000672,PRD-00043,SUP-007,WH-002,200,10.2,2040.0,2025-09-23,2025-10-17,2025-10-20,24,AIR,161.2,False,DELIVERED
PO-000673,PRD-00043,SUP-007,WH-001,200,10.0,2000.0,2025-10-24,2025-11-24,2025-11-27,31,AIR,161.2,False,DELIVERED
PO-000674,PRD-00043,SUP-007,WH-002,200,9.87,1974.0,2025-11-25,2025-12-09,2025-12-11,14,AIR,161.2,False,DELIVERED
PO-000675,PRD-00043,SUP-007,WH-003,200,10.17,2034.0,2025-12-21,2026-01-15,2026-01-17,25,SEA,161.2,True,IN_TRANSIT
PO-000676,PRD-00044,SUP-004,WH-002,48,27.41,1315.68,2024-01-07,2024-02-01,2024-02-03,25,SEA,39.79,False,DELIVERED
PO-000677,PRD-00044,SUP-004,WH-003,48,27.77,1332.96,2024-02-11,2024-03-03,2024-03-05,21,SEA,39.79,False,DELIVERED
PO-000678,PRD-00044,SUP-004,WH-001,48,27.32,1311.36,2024-03-13,2024-04-09,2024-04-09,27,SEA,39.79,False,DELIVERED
PO-000679,PRD-00044,SUP-004,WH-003,48,27.24,1307.52,2024-04-11,2024-05-01,2024-04-30,20,SEA,39.79,False,DELIVERED
PO-000680,PRD-00044,SUP-004,WH-001,48,27.66,1327.68,2024-05-07,2024-06-20,2024-06-20,44,SEA,39.79,False,DELIVERED
PO-000681,PRD-00044,SUP-004,WH-001,72,27.78,2000.16,2024-06-02,2024-06-24,2024-06-24,22,SEA,59.69,False,DELIVERED
PO-000682,PRD-00044,SUP-004,WH-003,72,27.37,1970.64,2024-07-02,2024-07-26,2024-07-27,24,SEA,59.69,False,DELIVERED
PO-000683,PRD-00044,SUP-004,WH-001,72,26.96,1941.12,2024-07-28,2024-08-24,2024-08-24,27,SEA,59.69,False,DELIVERED
PO-000684,PRD-00044,SUP-004,WH-001,72,27.41,1973.52,2024-08-28,2024-09-24,2024-09-26,27,SEA,59.69,False,DELIVERED
PO-000685,PRD-00044,SUP-004,WH-003,48,27.04,1297.92,2024-09-29,2024-10-30,2024-10-31,31,SEA,39.79,False,DELIVERED
PO-000686,PRD-00044,SUP-004,WH-002,72,27.01,1944.72,2024-11-03,2024-11-27,2024-11-26,24,SEA,59.69,False,DELIVERED
PO-000687,PRD-00044,SUP-004,WH-002,96,27.82,2670.72,2024-12-01,2024-12-23,2024-12-25,22,SEA,79.58,False,DELIVERED
PO-000688,PRD-00044,SUP-004,WH-003,96,28.06,2693.76,2024-12-27,2025-01-16,2025-01-18,20,SEA,79.58,False,DELIVERED
PO-000689,PRD-00044,SUP-004,WH-003,48,27.28,1309.44,2025-01-23,2025-02-15,2025-02-16,23,SEA,39.79,False,DELIVERED
PO-000690,PRD-00044,SUP-004,WH-002,48,26.98,1295.04,2025-02-27,2025-03-20,2025-03-19,21,SEA,39.79,False,DELIVERED
PO-000691,PRD-00044,SUP-004,WH-003,48,27.23,1307.04,2025-03-28,2025-04-22,2025-04-22,25,SEA,39.79,False,DELIVERED
PO-000692,PRD-00044,SUP-004,WH-001,48,28.0,1344.0,2025-04-28,2025-05-30,2025-05-29,32,AIR,39.79,True,DELIVERED
PO-000693,PRD-00044,SUP-004,WH-001,48,27.0,1296.0,2025-05-23,2025-06-23,2025-06-25,31,AIR,39.79,True,DELIVERED
PO-000694,PRD-00044,SUP-004,WH-002,72,27.42,1974.24,2025-06-24,2025-07-14,2025-07-14,20,SEA,59.69,False,DELIVERED
PO-000695,PRD-00044,SUP-004,WH-003,72,26.57,1913.04,2025-07-26,2025-08-25,2025-08-27,30,SEA,59.69,False,DELIVERED
PO-000696,PRD-00044,SUP-004,WH-001,72,26.57,1913.04,2025-08-27,2025-09-28,2025-09-30,32,SEA,59.69,False,DELIVERED
PO-000697,PRD-00044,SUP-004,WH-003,48,26.57,1275.36,2025-09-22,2025-10-12,2025-10-15,20,SEA,39.79,False,DELIVERED
PO-000698,PRD-00044,SUP-004,WH-001,72,27.81,2002.32,2025-10-18,2025-11-11,2025-11-12,24,SEA,59.69,False,DELIVERED
PO-000699,PRD-00044,SUP-004,WH-003,72,27.22,1959.84,2025-11-21,2025-12-18,2025-12-18,27,SEA,59.69,False,DELIVERED
PO-000700,PRD-00044,SUP-004,WH-002,96,27.3,2620.8,2025-12-23,2026-01-15,2026-01-17,23,SEA,79.58,False,IN_TRANSIT
PO-000701,PRD-00045,SUP-007,WH-002,54,18.19,982.26,2024-01-13,2024-01-27,2024-01-27,14,AIR,51.3,False,DELIVERED
PO-000702,PRD-00045,SUP-007,WH-001,60,17.88,1072.8,2024-02-12,2024-02-27,2024-03-01,15,AIR,57.0,False,DELIVERED
PO-000703,PRD-00045,SUP-007,WH-003,66,18.44,1217.04,2024-03-08,2024-03-28,2024-03-27,20,AIR,62.7,False,DELIVERED
PO-000704,PRD-00045,SUP-007,WH-001,72,18.03,1298.16,2024-04-06,2024-04-26,2024-04-29,20,AIR,68.4,False,DELIVERED
PO-000705,PRD-00045,SUP-007,WH-002,72,18.31,1318.32,2024-05-08,2024-05-25,2024-05-25,17,AIR,68.4,False,DELIVERED
PO-000706,PRD-00045,SUP-007,WH-001,78,17.7,1380.6,2024-06-11,2024-06-28,2024-06-29,17,AIR,74.1,False,DELIVERED
PO-000707,PRD-00045,SUP-007,WH-002,78,17.98,1402.44,2024-07-10,2024-08-02,2024-08-04,23,AIR,74.1,False,DELIVERED
PO-000708,PRD-00045,SUP-007,WH-001,78,18.66,1455.48,2024-08-08,2024-09-09,2024-09-09,32,SEA,74.1,True,DELIVERED
PO-000709,PRD-00045,SUP-007,WH-002,72,18.03,1298.16,2024-09-11,2024-10-04,2024-10-06,23,AIR,68.4,False,DELIVERED
PO-000710,PRD-00045,SUP-007,WH-002,78,17.76,1385.28,2024-10-09,2024-11-05,2024-11-05,27,AIR,74.1,False,DELIVERED
PO-000711,PRD-00045,SUP-007,WH-002,96,18.71,1796.16,2024-11-04,2024-11-23,2024-11-22,19,AIR,91.2,False,DELIVERED
PO-000712,PRD-00045,SUP-007,WH-002,108,17.73,1914.84,2024-12-06,2025-01-07,2025-01-09,32,AIR,102.6,False,DELIVERED
PO-000713,PRD-00045,SUP-007,WH-002,54,17.96,969.84,2025-01-01,2025-01-18,2025-01-20,17,AIR,51.3,False,DELIVERED
PO-000714,PRD-00045,SUP-007,WH-002,54,18.6,1004.4,2025-01-26,2025-02-23,2025-02-26,28,AIR,51.3,False,DELIVERED
PO-000715,PRD-00045,SUP-007,WH-002,66,18.27,1205.82,2025-03-01,2025-04-07,2025-04-07,37,SEA,62.7,True,DELIVERED
PO-000716,PRD-00045,SUP-007,WH-001,66,18.51,1221.66,2025-03-28,2025-04-15,2025-04-15,18,AIR,62.7,False,DELIVERED
PO-000717,PRD-00045,SUP-007,WH-002,72,18.63,1341.36,2025-05-02,2025-05-24,2025-05-23,22,AIR,68.4,False,DELIVERED
PO-000718,PRD-00045,SUP-007,WH-002,78,17.88,1394.64,2025-06-04,2025-06-27,2025-06-29,23,AIR,74.1,False,DELIVERED
PO-000719,PRD-00045,SUP-007,WH-003,78,17.36,1354.08,2025-07-04,2025-07-30,2025-07-30,26,AIR,74.1,False,DELIVERED
PO-000720,PRD-00045,SUP-007,WH-003,78,18.03,1406.34,2025-08-08,2025-08-22,2025-08-23,14,AIR,74.1,False,DELIVERED
PO-000721,PRD-00045,SUP-007,WH-003,72,18.1,1303.2,2025-09-07,2025-09-27,2025-09-27,20,AIR,68.4,False,DELIVERED
PO-000722,PRD-00045,SUP-007,WH-001,78,18.47,1440.66,2025-10-07,2025-10-23,2025-10-24,16,AIR,74.1,False,DELIVERED
PO-000723,PRD-00045,SUP-007,WH-002,96,18.27,1753.92,2025-11-06,2025-12-06,2025-12-08,30,AIR,91.2,False,DELIVERED
PO-000724,PRD-00045,SUP-007,WH-001,108,18.81,2031.48,2025-12-01,2025-12-17,2025-12-18,16,AIR,102.6,False,DELIVERED
PO-000725,PRD-00046,SUP-008,WH-001,120,6.53,783.6,2024-01-03,2024-01-05,2024-01-05,2,ROAD,219.36,False,DELIVERED
PO-000726,PRD-00046,SUP-008,WH-003,144,6.68,961.92,2024-03-04,2024-03-06,2024-03-06,2,ROAD,263.23,False,DELIVERED
PO-000727,PRD-00046,SUP-008,WH-003,144,6.82,982.08,2024-05-07,2024-05-10,2024-05-12,3,ROAD,263.23,False,DELIVERED
PO-000728,PRD-00046,SUP-008,WH-001,168,6.43,1080.24,2024-07-02,2024-07-04,2024-07-06,2,ROAD,307.1,False,DELIVERED
PO-000729,PRD-00046,SUP-008,WH-003,168,6.6,1108.8,2024-08-27,2024-08-29,2024-08-30,2,ROAD,307.1,False,DELIVERED
PO-000730,PRD-00046,SUP-008,WH-001,168,6.67,1120.56,2024-10-22,2024-10-25,2024-10-26,3,ROAD,307.1,False,DELIVERED
PO-000731,PRD-00046,SUP-008,WH-002,216,6.55,1414.8,2024-12-20,2024-12-22,2024-12-24,2,ROAD,394.85,False,DELIVERED
PO-000732,PRD-00046,SUP-008,WH-001,120,6.77,812.4,2025-02-16,2025-02-18,2025-02-19,2,ROAD,219.36,False,DELIVERED
PO-000733,PRD-00046,SUP-008,WH-002,144,6.74,970.56,2025-04-14,2025-04-16,2025-04-19,2,ROAD,263.23,False,DELIVERED
PO-000734,PRD-00046,SUP-008,WH-002,168,6.63,1113.84,2025-06-18,2025-06-20,2025-06-22,2,ROAD,307.1,False,DELIVERED
PO-000735,PRD-00046,SUP-008,WH-002,168,6.56,1102.08,2025-08-19,2025-08-22,2025-08-25,3,ROAD,307.1,False,DELIVERED
PO-000736,PRD-00046,SUP-008,WH-001,168,6.44,1081.92,2025-10-21,2025-10-23,2025-10-22,2,ROAD,307.1,False,DELIVERED
PO-000737,PRD-00046,SUP-008,WH-001,216,6.3,1360.8,2025-12-23,2025-12-26,2025-12-26,3,ROAD,394.85,False,DELIVERED
PO-000738,PRD-00047,SUP-002,WH-001,216,3.73,805.68,2024-01-02,2024-01-13,2024-01-13,11,ROAD,769.18,False,DELIVERED
PO-000739,PRD-00047,SUP-002,WH-002,264,3.74,987.36,2024-03-03,2024-03-10,2024-03-11,7,ROAD,940.1,False,DELIVERED
PO-000740,PRD-00047,SUP-002,WH-002,288,3.6,1036.8,2024-05-04,2024-05-12,2024-05-12,8,ROAD,1025.57,False,DELIVERED
PO-000741,PRD-00047,SUP-002,WH-003,312,3.74,1166.88,2024-07-04,2024-07-15,2024-07-18,11,ROAD,1111.03,False,DELIVERED
PO-000742,PRD-00047,SUP-002,WH-001,288,3.65,1051.2,2024-09-04,2024-09-12,2024-09-12,8,ROAD,1025.57,False,DELIVERED
PO-000743,PRD-00047,SUP-002,WH-001,384,3.66,1405.44,2024-11-02,2024-11-12,2024-11-12,10,ROAD,1367.42,False,DELIVERED
PO-000744,PRD-00047,SUP-002,WH-003,432,3.58,1546.56,2024-12-28,2025-01-05,2025-01-08,8,ROAD,1538.35,False,DELIVERED
PO-000745,PRD-00047,SUP-002,WH-001,240,3.76,902.4,2025-02-22,2025-03-03,2025-03-04,9,ROAD,854.64,False,DELIVERED
PO-000746,PRD-00047,SUP-002,WH-001,264,3.65,963.6,2025-04-21,2025-04-30,2025-04-29,9,ROAD,940.1,False,DELIVERED
PO-000747,PRD-00047,SUP-002,WH-001,288,3.65,1051.2,2025-06-16,2025-06-25,2025-06-24,9,ROAD,1025.57,False,DELIVERED
PO-000748,PRD-00047,SUP-002,WH-002,288,3.69,1062.72,2025-08-20,2025-09-03,2025-09-05,14,ROAD,1025.57,False,DELIVERED
PO-000749,PRD-00047,SUP-002,WH-003,312,3.52,1098.24,2025-10-20,2025-10-27,2025-10-26,7,ROAD,1111.03,False,DELIVERED
PO-000750,PRD-00047,SUP-002,WH-003,432,3.74,1615.68,2025-12-19,2025-12-29,2026-01-01,10,ROAD,1538.35,False,IN_TRANSIT
PO-000751,PRD-00048,SUP-008,WH-002,144,4.85,698.4,2024-01-23,2024-01-28,2024-01-28,5,ROAD,177.84,False,DELIVERED
PO-000752,PRD-00048,SUP-008,WH-001,192,4.83,927.36,2024-03-18,2024-03-20,2024-03-19,2,ROAD,237.12,False,DELIVERED
PO-000753,PRD-00048,SUP-008,WH-002,192,4.78,917.76,2024-05-16,2024-05-19,2024-05-21,3,ROAD,237.12,False,DELIVERED
PO-000754,PRD-00048,SUP-008,WH-002,240,4.83,1159.2,2024-07-11,2024-07-13,2024-07-15,2,ROAD,296.4,False,DELIVERED
PO-000755,PRD-00048,SUP-008,WH-001,192,4.9,940.8,2024-09-06,2024-09-09,2024-09-08,3,ROAD,237.12,False,DELIVERED
PO-000756,PRD-00048,SUP-008,WH-001,288,4.83,1391.04,2024-11-10,2024-11-13,2024-11-12,3,ROAD,355.68,False,DELIVERED
PO-000757,PRD-00048,SUP-008,WH-003,144,5.1,734.4,2025-01-08,2025-01-12,2025-01-14,4,ROAD,177.84,False,DELIVERED
PO-000758,PRD-00048,SUP-008,WH-002,192,4.81,923.52,2025-03-06,2025-03-08,2025-03-08,2,ROAD,237.12,False,DELIVERED
PO-000759,PRD-00048,SUP-008,WH-001,192,4.89,938.88,2025-05-10,2025-05-13,2025-05-16,3,ROAD,237.12,False,DELIVERED
PO-000760,PRD-00048,SUP-008,WH-002,240,4.81,1154.4,2025-07-14,2025-07-17,2025-07-16,3,ROAD,296.4,False,DELIVERED
PO-000761,PRD-00048,SUP-008,WH-001,192,4.84,929.28,2025-09-10,2025-09-12,2025-09-15,2,ROAD,237.12,False,DELIVERED
PO-000762,PRD-00048,SUP-008,WH-001,288,4.9,1411.2,2025-11-12,2025-11-14,2025-11-13,2,ROAD,355.68,False,DELIVERED
PO-000763,PRD-00049,SUP-008,WH-001,144,10.27,1478.88,2024-01-19,2024-01-21,2024-01-24,2,ROAD,460.51,False,DELIVERED
PO-000764,PRD-00049,SUP-008,WH-002,192,10.49,2014.08,2024-03-03,2024-03-06,2024-03-05,3,ROAD,614.02,False,DELIVERED
PO-000765,PRD-00049,SUP-008,WH-002,192,10.7,2054.4,2024-04-15,2024-04-18,2024-04-18,3,ROAD,614.02,False,DELIVERED
PO-000766,PRD-00049,SUP-008,WH-001,192,10.77,2067.84,2024-06-01,2024-06-04,2024-06-04,3,ROAD,614.02,False,DELIVERED
PO-000767,PRD-00049,SUP-008,WH-001,192,10.31,1979.52,2024-07-11,2024-07-14,2024-07-17,3,ROAD,614.02,False,DELIVERED
PO-000768,PRD-00049,SUP-008,WH-003,192,10.58,2031.36,2024-08-25,2024-08-27,2024-08-30,2,ROAD,614.02,False,DELIVERED
PO-000769,PRD-00049,SUP-008,WH-001,192,10.59,2033.28,2024-10-13,2024-10-16,2024-10-18,3,ROAD,614.02,False,DELIVERED
PO-000770,PRD-00049,SUP-008,WH-001,288,10.4,2995.2,2024-12-01,2024-12-03,2024-12-04,2,ROAD,921.02,False,DELIVERED
PO-000771,PRD-00049,SUP-008,WH-002,144,11.05,1591.2,2025-01-10,2025-01-13,2025-01-14,3,ROAD,460.51,False,DELIVERED
PO-000772,PRD-00049,SUP-008,WH-001,144,10.83,1559.52,2025-02-21,2025-02-24,2025-02-23,3,ROAD,460.51,False,DELIVERED
PO-000773,PRD-00049,SUP-008,WH-003,192,10.29,1975.68,2025-04-03,2025-04-06,2025-04-08,3,ROAD,614.02,False,DELIVERED
PO-000774,PRD-00049,SUP-008,WH-002,192,10.94,2100.48,2025-05-15,2025-05-18,2025-05-19,3,ROAD,614.02,False,DELIVERED
PO-000775,PRD-00049,SUP-008,WH-002,192,10.48,2012.16,2025-06-24,2025-06-26,2025-06-27,2,ROAD,614.02,False,DELIVERED
PO-000776,PRD-00049,SUP-008,WH-001,192,10.51,2017.92,2025-08-10,2025-08-12,2025-08-14,2,ROAD,614.02,False,DELIVERED
PO-000777,PRD-00049,SUP-008,WH-003,192,10.46,2008.32,2025-09-20,2025-09-22,2025-09-21,2,ROAD,614.02,False,DELIVERED
PO-000778,PRD-00049,SUP-008,WH-003,192,10.45,2006.4,2025-10-31,2025-11-03,2025-11-05,3,ROAD,614.02,False,DELIVERED
PO-000779,PRD-00049,SUP-008,WH-003,288,10.46,3012.48,2025-12-14,2025-12-16,2025-12-17,2,ROAD,921.02,False,DELIVERED
PO-000780,PRD-00050,SUP-001,WH-003,144,10.3,1483.2,2024-01-31,2024-02-03,2024-02-04,3,ROAD,485.57,False,DELIVERED
PO-000781,PRD-00050,SUP-001,WH-001,168,9.87,1658.16,2024-03-12,2024-03-16,2024-03-18,4,ROAD,566.5,False,DELIVERED
PO-000782,PRD-00050,SUP-001,WH-001,180,10.21,1837.8,2024-04-29,2024-05-03,2024-05-04,4,ROAD,606.96,False,DELIVERED
PO-000783,PRD-00050,SUP-001,WH-002,198,9.8,1940.4,2024-06-17,2024-06-22,2024-06-25,5,ROAD,667.66,False,DELIVERED
PO-000784,PRD-00050,SUP-001,WH-002,204,10.15,2070.6,2024-07-30,2024-08-02,2024-08-05,3,ROAD,687.89,False,DELIVERED
PO-000785,PRD-00050,SUP-001,WH-003,186,10.25,1906.5,2024-09-17,2024-09-21,2024-09-20,4,ROAD,627.19,False,DELIVERED
PO-000786,PRD-00050,SUP-001,WH-002,204,9.91,2021.64,2024-10-27,2024-10-31,2024-10-30,4,ROAD,687.89,False,DELIVERED
PO-000787,PRD-00050,SUP-001,WH-003,282,9.81,2766.42,2024-12-13,2024-12-16,2024-12-19,3,ROAD,950.9,False,DELIVERED
PO-000788,PRD-00050,SUP-001,WH-001,150,9.8,1470.0,2025-02-01,2025-02-04,2025-02-05,3,ROAD,505.8,False,DELIVERED
PO-000789,PRD-00050,SUP-001,WH-001,168,9.8,1646.4,2025-03-17,2025-03-20,2025-03-23,3,ROAD,566.5,False,DELIVERED
PO-000790,PRD-00050,SUP-001,WH-002,186,9.74,1811.64,2025-05-04,2025-05-09,2025-05-09,5,ROAD,627.19,False,DELIVERED
PO-000791,PRD-00050,SUP-001,WH-003,198,9.88,1956.24,2025-06-13,2025-06-16,2025-06-15,3,ROAD,667.66,False,DELIVERED
PO-000792,PRD-00050,SUP-001,WH-001,204,10.08,2056.32,2025-07-29,2025-08-04,2025-08-03,6,ROAD,687.89,False,DELIVERED
PO-000793,PRD-00050,SUP-001,WH-003,186,10.18,1893.48,2025-09-10,2025-09-13,2025-09-15,3,ROAD,627.19,False,DELIVERED
PO-000794,PRD-00050,SUP-001,WH-002,204,9.81,2001.24,2025-10-24,2025-10-29,2025-10-29,5,ROAD,687.89,False,DELIVERED
PO-000795,PRD-00050,SUP-001,WH-002,282,10.02,2825.64,2025-12-03,2025-12-07,2025-12-09,4,ROAD,950.9,False,DELIVERED
