snapshot_date,product_id,warehouse_id,stock_on_hand,stock_cover_days,avg_daily_demand,is_stock_out,is_slow_mover,is_at_risk,stock_value_gbp,abc_class
2024-01-01,PRD-00001,WH-003,508,79.9,6.36,False,False,False,2514.6,B
2024-01-01,PRD-00002,WH-003,309,79.9,3.87,False,False,False,998.07,C
2024-01-01,PRD-00003,WH-002,538,79.9,6.73,False,False,False,2361.82,B
2024-01-01,PRD-00004,WH-002,368,79.8,4.61,False,False,False,4577.92,A
2024-01-01,PRD-00005,WH-002,423,80.0,5.29,False,False,False,2373.03,B
2024-01-01,PRD-00006,WH-002,319,80.0,3.99,False,False,False,2469.06,B
2024-01-01,PRD-00007,WH-002,407,80.0,5.09,False,False,False,4249.08,A
2024-01-01,PRD-00008,WH-003,273,79.7,3.42,False,False,False,1023.75,C
2024-01-01,PRD-00009,WH-001,487,80.0,6.09,False,False,False,2352.21,B
2024-01-01,PRD-00010,WH-002,371,79.9,4.64,False,False,False,997.99,C
2024-01-01,PRD-00011,WH-001,334,79.8,4.18,False,False,False,4372.06,A
2024-01-01,PRD-00012,WH-002,554,79.9,6.93,False,False,False,4609.28,A
2024-01-01,PRD-00013,WH-001,473,79.9,5.92,False,False,False,4479.31,A
2024-01-01,PRD-00014,WH-001,569,80.0,7.11,False,False,False,4244.74,A
2024-01-01,PRD-00015,WH-002,419,79.9,5.24,False,False,False,1026.55,C
2024-01-01,PRD-00016,WH-001,437,79.8,5.47,False,False,False,1844.14,B
2024-01-01,PRD-00017,WH-001,280,79.8,3.51,False,False,False,3950.8,A
2024-01-01,PRD-00018,WH-001,250,79.8,3.13,False,False,False,4035.0,A
2024-01-01,PRD-00019,WH-001,303,80.0,3.79,False,False,False,742.35,C
2024-01-01,PRD-00020,WH-003,457,79.9,5.72,False,False,False,3642.29,A
2024-01-01,PRD-00021,WH-003,341,79.8,4.27,False,False,False,3396.36,A
2024-01-01,PRD-00022,WH-001,247,79.7,3.1,False,False,False,657.02,C
2024-01-01,PRD-00023,WH-002,401,79.9,5.02,False,False,False,1700.24,B
2024-01-01,PRD-00024,WH-001,316,79.9,3.96,False,False,False,1927.6,B
2024-01-01,PRD-00025,WH-001,428,79.8,5.36,False,False,False,3535.28,A
2024-01-01,PRD-00026,WH-001,329,80.0,4.11,False,False,False,3934.84,A
2024-01-01,PRD-00027,WH-001,290,79.8,3.63,False,False,False,3230.6,A
2024-01-01,PRD-00028,WH-003,515,80.0,6.44,False,False,False,3986.1,A
2024-01-01,PRD-00029,WH-002,267,79.7,3.35,False,False,False,987.9,C
2024-01-01,PRD-00030,WH-001,533,80.0,6.66,False,False,False,3896.23,A
2024-01-01,PRD-00031,WH-001,386,80.0,4.83,False,False,False,2115.28,B
2024-01-01,PRD-00032,WH-003,568,79.9,7.11,False,False,False,908.8,C
2024-01-01,PRD-00033,WH-002,481,79.9,6.02,False,False,False,4088.5,A
2024-01-01,PRD-00034,WH-003,330,79.9,4.13,False,False,False,851.4,C
2024-01-01,PRD-00035,WH-001,478,79.9,5.98,False,False,False,4235.08,A
2024-01-01,PRD-00036,WH-003,364,80.0,4.55,False,False,False,2264.08,B
2024-01-01,PRD-00037,WH-001,386,80.0,4.83,False,False,False,2339.16,B
2024-01-01,PRD-00038,WH-002,161,80.0,2.01,False,False,False,3049.34,A
2024-01-01,PRD-00039,WH-003,125,79.7,1.57,False,False,False,3436.25,A
2024-01-01,PRD-00040,WH-003,393,79.9,4.92,False,False,False,2499.48,A
2024-01-01,PRD-00041,WH-001,159,79.6,2.0,False,False,False,2866.77,A
2024-01-01,PRD-00042,WH-001,125,79.7,1.57,False,False,False,2542.5,A
2024-01-01,PRD-00043,WH-003,314,79.9,3.93,False,False,False,3140.0,A
2024-01-01,PRD-00044,WH-003,121,79.8,1.52,False,False,False,3298.46,A
2024-01-01,PRD-00045,WH-002,146,79.7,1.83,False,False,False,2649.9,A
2024-01-01,PRD-00046,WH-003,379,79.8,4.75,False,False,False,2490.03,B
2024-01-01,PRD-00047,WH-002,286,79.9,3.58,False,False,False,1043.9,C
2024-01-01,PRD-00048,WH-003,540,79.9,6.76,False,False,False,2629.8,B
2024-01-01,PRD-00049,WH-002,449,80.0,5.62,False,False,False,4754.91,A
2024-01-01,PRD-00050,WH-003,453,80.0,5.66,False,False,False,4507.35,A
2024-02-01,PRD-00001,WH-002,577,85.1,6.78,False,False,False,2856.15,B
2024-02-01,PRD-00002,WH-003,432,104.8,4.12,False,True,False,1395.36,C
2024-02-01,PRD-00003,WH-001,622,86.6,7.18,False,False,False,2730.58,B
2024-02-01,PRD-00004,WH-002,337,68.5,4.92,False,False,False,4192.28,A
2024-02-01,PRD-00005,WH-002,502,89.0,5.64,False,False,False,2816.22,B
2024-02-01,PRD-00006,WH-003,370,87.0,4.26,False,False,False,2863.8,B
2024-02-01,PRD-00007,WH-003,445,82.0,5.43,False,False,False,4645.8,A
2024-02-01,PRD-00008,WH-001,360,98.5,3.65,False,True,False,1350.0,C
2024-02-01,PRD-00009,WH-001,588,90.6,6.49,False,False,False,2840.04,B
2024-02-01,PRD-00010,WH-002,207,41.8,4.95,False,False,False,556.83,C
2024-02-01,PRD-00011,WH-001,196,43.9,4.46,False,False,False,2565.64,A
2024-02-01,PRD-00012,WH-001,520,70.3,7.39,False,False,False,4326.4,A
2024-02-01,PRD-00013,WH-002,302,47.8,6.32,False,False,False,2859.94,A
2024-02-01,PRD-00014,WH-002,367,48.4,7.59,False,False,False,2737.82,A
2024-02-01,PRD-00015,WH-003,251,44.9,5.59,False,False,False,614.95,C
2024-02-01,PRD-00016,WH-003,509,87.2,5.84,False,False,False,2147.98,B
2024-02-01,PRD-00017,WH-002,282,75.4,3.74,False,False,False,3979.02,A
2024-02-01,PRD-00018,WH-001,245,73.3,3.34,False,False,False,3954.3,A
2024-02-01,PRD-00019,WH-003,418,103.5,4.04,False,True,False,1024.1,C
2024-02-01,PRD-00020,WH-002,291,47.7,6.1,False,False,False,2319.27,A
2024-02-01,PRD-00021,WH-002,341,74.8,4.56,False,False,False,3396.36,A
2024-02-01,PRD-00022,WH-002,326,98.6,3.31,False,True,False,867.16,C
2024-02-01,PRD-00023,WH-002,251,46.9,5.35,False,False,False,1064.24,B
2024-02-01,PRD-00024,WH-001,202,47.9,4.22,False,False,False,1232.2,B
2024-02-01,PRD-00025,WH-003,399,69.8,5.72,False,False,False,3295.74,A
2024-02-01,PRD-00026,WH-002,326,74.3,4.39,False,False,False,3898.96,A
2024-02-01,PRD-00027,WH-002,170,43.8,3.88,False,False,False,1893.8,A
2024-02-01,PRD-00028,WH-002,499,72.6,6.87,False,False,False,3862.26,A
2024-02-01,PRD-00029,WH-002,356,99.7,3.57,False,True,False,1317.2,C
2024-02-01,PRD-00030,WH-003,525,73.9,7.11,False,False,False,3837.75,A
2024-02-01,PRD-00031,WH-002,235,45.6,5.15,False,False,False,1287.8,B
2024-02-01,PRD-00032,WH-003,326,43.0,7.58,False,False,False,521.6,C
2024-02-01,PRD-00033,WH-002,489,76.1,6.42,False,False,False,4156.5,A
2024-02-01,PRD-00034,WH-002,192,43.6,4.41,False,False,False,495.36,C
2024-02-01,PRD-00035,WH-002,438,68.7,6.38,False,False,False,3880.68,A
2024-02-01,PRD-00036,WH-001,435,89.6,4.85,False,False,False,2705.7,B
2024-02-01,PRD-00037,WH-002,426,82.8,5.15,False,False,False,2581.56,B
2024-02-01,PRD-00038,WH-002,106,49.3,2.15,False,False,False,2007.64,A
2024-02-01,PRD-00039,WH-003,122,72.9,1.67,False,False,False,3353.78,A
2024-02-01,PRD-00040,WH-003,367,70.0,5.24,False,False,False,2334.12,A
2024-02-01,PRD-00041,WH-001,140,65.7,2.13,False,False,False,2524.2,A
2024-02-01,PRD-00042,WH-001,80,47.8,1.67,False,False,False,1627.2,A
2024-02-01,PRD-00043,WH-001,288,68.7,4.19,False,False,False,2880.0,A
2024-02-01,PRD-00044,WH-003,74,45.7,1.62,False,False,False,2017.24,A
2024-02-01,PRD-00045,WH-001,86,44.0,1.95,False,False,False,1560.9,A
2024-02-01,PRD-00046,WH-003,442,87.3,5.06,False,False,False,2903.94,B
2024-02-01,PRD-00047,WH-001,392,102.7,3.82,False,True,False,1430.8,C
2024-02-01,PRD-00048,WH-002,616,85.5,7.21,False,False,False,2999.92,B
2024-02-01,PRD-00049,WH-003,453,75.6,5.99,False,False,False,4797.27,A
2024-02-01,PRD-00050,WH-003,425,70.4,6.04,False,False,False,4228.75,A
2024-03-01,PRD-00001,WH-001,403,52.8,7.63,False,False,False,1994.85,B
2024-03-01,PRD-00002,WH-003,317,68.3,4.64,False,False,False,1023.91,C
2024-03-01,PRD-00003,WH-003,439,54.3,8.08,False,False,False,1927.21,B
2024-03-01,PRD-00004,WH-003,180,32.5,5.53,False,False,False,2239.2,A
2024-03-01,PRD-00005,WH-002,573,90.3,6.35,False,False,False,3214.53,B
2024-03-01,PRD-00006,WH-001,255,53.3,4.79,False,False,False,1973.7,B
2024-03-01,PRD-00007,WH-002,478,78.3,6.11,False,False,False,4990.32,A
2024-03-01,PRD-00008,WH-002,231,56.2,4.11,False,False,False,866.25,C
2024-03-01,PRD-00009,WH-002,698,95.5,7.31,False,False,False,3371.34,B
2024-03-01,PRD-00010,WH-002,364,65.3,5.57,False,False,False,979.16,C
2024-03-01,PRD-00011,WH-002,241,48.0,5.02,False,False,False,3154.69,A
2024-03-01,PRD-00012,WH-002,520,62.5,8.32,False,False,False,4326.4,A
2024-03-01,PRD-00013,WH-001,294,41.4,7.11,False,False,False,2784.18,A
2024-03-01,PRD-00014,WH-001,328,38.4,8.54,False,False,False,2446.88,A
2024-03-01,PRD-00015,WH-001,418,66.4,6.29,False,False,False,1024.1,C
2024-03-01,PRD-00016,WH-003,352,53.6,6.57,False,False,False,1485.44,B
2024-03-01,PRD-00017,WH-002,267,63.4,4.21,False,False,False,3767.37,A
2024-03-01,PRD-00018,WH-003,176,46.8,3.76,False,False,False,2840.64,A
2024-03-01,PRD-00019,WH-001,314,69.1,4.55,False,False,False,769.3,C
2024-03-01,PRD-00020,WH-003,272,39.6,6.86,False,False,False,2167.84,A
2024-03-01,PRD-00021,WH-001,273,53.3,5.13,False,False,False,2719.08,A
2024-03-01,PRD-00022,WH-001,238,64.0,3.72,False,False,False,633.08,C
2024-03-01,PRD-00023,WH-001,303,50.3,6.02,False,False,False,1284.72,B
2024-03-01,PRD-00024,WH-002,289,60.9,4.75,False,False,False,1762.9,B
2024-03-01,PRD-00025,WH-003,230,35.7,6.43,False,False,False,1899.8,A
2024-03-01,PRD-00026,WH-002,312,63.2,4.94,False,False,False,3731.52,A
2024-03-01,PRD-00027,WH-001,172,39.4,4.36,False,False,False,1916.08,A
2024-03-01,PRD-00028,WH-002,321,41.5,7.73,False,False,False,2484.54,A
2024-03-01,PRD-00029,WH-001,270,67.2,4.02,False,False,False,999.0,C
2024-03-01,PRD-00030,WH-002,543,67.9,8.0,False,False,False,3969.33,A
2024-03-01,PRD-00031,WH-002,358,61.8,5.79,False,False,False,1961.84,B
2024-03-01,PRD-00032,WH-003,587,68.8,8.53,False,False,False,939.2,C
2024-03-01,PRD-00033,WH-003,549,76.0,7.23,False,False,False,4666.5,A
2024-03-01,PRD-00034,WH-001,297,59.9,4.96,False,False,False,766.26,C
2024-03-01,PRD-00035,WH-001,502,70.0,7.17,False,False,False,4447.72,A
2024-03-01,PRD-00036,WH-002,492,90.1,5.46,False,False,False,3060.24,B
2024-03-01,PRD-00037,WH-001,264,45.6,5.79,False,False,False,1599.84,B
2024-03-01,PRD-00038,WH-001,244,101.0,2.42,False,False,False,4621.36,A
2024-03-01,PRD-00039,WH-001,133,70.7,1.88,False,False,False,3656.17,A
2024-03-01,PRD-00040,WH-003,400,67.8,5.9,False,False,False,2544.0,A
2024-03-01,PRD-00041,WH-001,73,30.4,2.4,False,False,False,1316.19,A
2024-03-01,PRD-00042,WH-002,75,39.8,1.88,False,False,False,1525.5,A
2024-03-01,PRD-00043,WH-001,273,57.9,4.71,False,False,False,2730.0,A
2024-03-01,PRD-00044,WH-002,51,28.0,1.82,False,False,False,1390.26,A
2024-03-01,PRD-00045,WH-001,84,38.2,2.2,False,False,False,1524.6,A
2024-03-01,PRD-00046,WH-001,519,91.1,5.7,False,False,False,3409.83,B
2024-03-01,PRD-00047,WH-001,265,61.7,4.3,False,False,False,967.25,C
2024-03-01,PRD-00048,WH-003,392,48.3,8.11,False,False,False,1909.04,B
2024-03-01,PRD-00049,WH-002,457,67.8,6.74,False,False,False,4839.63,A
2024-03-01,PRD-00050,WH-002,495,72.8,6.8,False,False,False,4925.25,A
2024-04-01,PRD-00001,WH-001,511,63.5,8.05,False,False,False,2529.45,B
2024-04-01,PRD-00002,WH-003,381,77.8,4.9,False,False,False,1230.63,C
2024-04-01,PRD-00003,WH-003,511,59.9,8.53,False,False,False,2243.29,B
2024-04-01,PRD-00004,WH-003,280,47.9,5.84,False,False,False,3483.2,A
2024-04-01,PRD-00005,WH-002,367,54.8,6.7,False,False,False,2058.87,B
2024-04-01,PRD-00006,WH-002,279,55.2,5.05,False,False,False,2159.46,B
2024-04-01,PRD-00007,WH-003,543,84.2,6.45,False,False,False,5668.92,A
2024-04-01,PRD-00008,WH-002,369,85.1,4.34,False,False,False,1383.75,C
2024-04-01,PRD-00009,WH-001,534,69.3,7.71,False,False,False,2579.22,B
2024-04-01,PRD-00010,WH-002,227,38.6,5.88,False,False,False,610.63,C
2024-04-01,PRD-00011,WH-002,303,57.2,5.3,False,False,False,3966.27,A
2024-04-01,PRD-00012,WH-001,491,55.9,8.78,False,False,False,4085.12,A
2024-04-01,PRD-00013,WH-003,297,39.6,7.5,False,False,False,2812.59,A
2024-04-01,PRD-00014,WH-003,492,54.6,9.01,False,False,False,3670.32,A
2024-04-01,PRD-00015,WH-002,295,44.4,6.64,False,False,False,722.75,C
2024-04-01,PRD-00016,WH-003,438,63.2,6.93,False,False,False,1848.36,B
2024-04-01,PRD-00017,WH-001,335,75.4,4.44,False,False,False,4726.85,A
2024-04-01,PRD-00018,WH-002,243,61.2,3.97,False,False,False,3922.02,A
2024-04-01,PRD-00019,WH-002,156,32.5,4.8,False,False,False,382.2,C
2024-04-01,PRD-00020,WH-003,145,20.0,7.25,False,False,False,1155.65,A
2024-04-01,PRD-00021,WH-001,323,59.7,5.41,False,False,False,3217.08,A
2024-04-01,PRD-00022,WH-002,308,78.5,3.93,False,False,False,819.28,C
2024-04-01,PRD-00023,WH-002,379,59.6,6.36,False,False,False,1606.96,B
2024-04-01,PRD-00024,WH-001,321,64.1,5.01,False,False,False,1958.1,B
2024-04-01,PRD-00025,WH-003,255,37.5,6.79,False,False,False,2106.3,A
2024-04-01,PRD-00026,WH-003,323,62.0,5.21,False,False,False,3863.08,A
2024-04-01,PRD-00027,WH-002,186,40.4,4.6,False,False,False,2072.04,A
2024-04-01,PRD-00028,WH-001,299,36.6,8.16,False,False,False,2314.26,A
2024-04-01,PRD-00029,WH-001,126,29.7,4.24,False,False,False,466.2,C
2024-04-01,PRD-00030,WH-003,452,53.6,8.44,False,False,False,3304.12,A
2024-04-01,PRD-00031,WH-002,450,73.6,6.11,False,False,False,2466.0,B
2024-04-01,PRD-00032,WH-002,296,32.9,9.0,False,False,False,473.6,C
2024-04-01,PRD-00033,WH-002,452,59.3,7.63,False,False,False,3842.0,A
2024-04-01,PRD-00034,WH-002,191,36.5,5.23,False,False,False,492.78,C
2024-04-01,PRD-00035,WH-003,480,63.4,7.57,False,False,False,4252.8,A
2024-04-01,PRD-00036,WH-001,377,65.4,5.76,False,False,False,2344.94,B
2024-04-01,PRD-00037,WH-001,316,51.7,6.11,False,False,False,1914.96,B
2024-04-01,PRD-00038,WH-003,279,109.4,2.55,False,False,False,5284.26,A
2024-04-01,PRD-00039,WH-002,111,55.9,1.99,False,False,False,3051.39,A
2024-04-01,PRD-00040,WH-003,386,62.0,6.23,False,False,False,2454.96,A
2024-04-01,PRD-00041,WH-003,62,24.5,2.53,False,False,False,1117.86,A
2024-04-01,PRD-00042,WH-002,77,38.8,1.99,False,False,False,1566.18,A
2024-04-01,PRD-00043,WH-002,240,48.2,4.98,False,False,False,2400.0,A
2024-04-01,PRD-00044,WH-001,79,41.1,1.92,False,False,False,2153.54,A
2024-04-01,PRD-00045,WH-001,69,29.7,2.32,False,False,False,1252.35,A
2024-04-01,PRD-00046,WH-001,369,61.4,6.01,False,False,False,2424.33,B
2024-04-01,PRD-00047,WH-001,386,85.1,4.53,False,False,False,1408.9,C
2024-04-01,PRD-00048,WH-001,502,58.7,8.56,False,False,False,2444.74,B
2024-04-01,PRD-00049,WH-001,504,70.9,7.11,False,False,False,5337.36,A
2024-04-01,PRD-00050,WH-003,467,65.1,7.17,False,False,False,4646.65,A
2024-05-01,PRD-00001,WH-003,304,35.9,8.47,False,False,False,1504.8,B
2024-05-01,PRD-00002,WH-002,219,42.5,5.15,False,False,False,707.37,C
2024-05-01,PRD-00003,WH-003,537,59.8,8.98,False,False,False,2357.43,B
2024-05-01,PRD-00004,WH-003,455,74.0,6.15,False,False,False,5660.2,A
2024-05-01,PRD-00005,WH-003,488,69.2,7.05,False,False,False,2737.68,B
2024-05-01,PRD-00006,WH-003,341,64.1,5.32,False,False,False,2639.34,B
2024-05-01,PRD-00007,WH-002,264,38.9,6.79,False,False,False,2756.16,A
2024-05-01,PRD-00008,WH-001,174,38.1,4.57,False,False,False,652.5,C
2024-05-01,PRD-00009,WH-001,423,52.1,8.12,False,False,False,2043.09,B
2024-05-01,PRD-00010,WH-003,316,51.0,6.19,False,False,False,850.04,C
2024-05-01,PRD-00011,WH-003,262,47.0,5.58,False,False,False,3429.58,A
2024-05-01,PRD-00012,WH-001,563,60.9,9.24,False,False,False,4684.16,A
2024-05-01,PRD-00013,WH-003,437,55.4,7.89,False,False,False,4138.39,A
2024-05-01,PRD-00014,WH-001,437,46.1,9.48,False,False,False,3260.02,A
2024-05-01,PRD-00015,WH-001,312,44.6,6.99,False,False,False,764.4,C
2024-05-01,PRD-00016,WH-002,589,80.7,7.3,False,False,False,2485.58,B
2024-05-01,PRD-00017,WH-003,292,62.4,4.68,False,False,False,4120.12,A
2024-05-01,PRD-00018,WH-002,219,52.4,4.18,False,False,False,3534.66,A
2024-05-01,PRD-00019,WH-003,166,32.9,5.05,False,False,False,406.7,C
2024-05-01,PRD-00020,WH-003,456,59.8,7.63,False,False,False,3634.32,A
2024-05-01,PRD-00021,WH-003,244,42.8,5.7,False,False,False,2430.24,A
2024-05-01,PRD-00022,WH-001,215,52.0,4.13,False,False,False,571.9,C
2024-05-01,PRD-00023,WH-003,552,82.5,6.69,False,False,False,2340.48,B
2024-05-01,PRD-00024,WH-002,206,39.1,5.27,False,False,False,1256.6,B
2024-05-01,PRD-00025,WH-002,253,35.4,7.15,False,False,False,2089.78,A
2024-05-01,PRD-00026,WH-003,307,56.0,5.48,False,False,False,3671.72,A
2024-05-01,PRD-00027,WH-001,365,75.3,4.85,False,False,False,4066.1,A
2024-05-01,PRD-00028,WH-002,530,61.7,8.59,False,False,False,4102.2,A
2024-05-01,PRD-00029,WH-002,290,65.0,4.46,False,False,False,1073.0,C
2024-05-01,PRD-00030,WH-003,305,34.3,8.88,False,False,False,2229.55,A
2024-05-01,PRD-00031,WH-002,272,42.3,6.44,False,False,False,1490.56,B
2024-05-01,PRD-00032,WH-001,545,57.5,9.48,False,False,False,872.0,C
2024-05-01,PRD-00033,WH-002,507,63.1,8.03,False,False,False,4309.5,A
2024-05-01,PRD-00034,WH-003,226,41.0,5.51,False,False,False,583.08,C
2024-05-01,PRD-00035,WH-001,286,35.9,7.97,False,False,False,2533.96,A
2024-05-01,PRD-00036,WH-001,450,74.2,6.07,False,False,False,2799.0,B
2024-05-01,PRD-00037,WH-002,391,60.8,6.44,False,False,False,2369.46,B
2024-05-01,PRD-00038,WH-001,146,54.4,2.68,False,False,False,2765.24,A
2024-05-01,PRD-00039,WH-002,48,22.9,2.09,False,False,False,1319.52,A
2024-05-01,PRD-00040,WH-001,379,57.8,6.55,False,False,False,2410.44,A
2024-05-01,PRD-00041,WH-001,114,42.8,2.66,False,False,False,2055.42,A
2024-05-01,PRD-00042,WH-003,65,31.1,2.09,False,False,False,1322.1,A
2024-05-01,PRD-00043,WH-003,197,37.6,5.24,False,False,False,1970.0,A
2024-05-01,PRD-00044,WH-002,43,21.3,2.02,False,False,False,1172.18,A
2024-05-01,PRD-00045,WH-003,95,38.9,2.44,False,False,False,1724.25,A
2024-05-01,PRD-00046,WH-002,441,69.7,6.33,False,False,False,2897.37,B
2024-05-01,PRD-00047,WH-002,325,68.1,4.77,False,False,False,1186.25,C
2024-05-01,PRD-00048,WH-003,822,91.2,9.01,False,False,False,4003.14,B
2024-05-01,PRD-00049,WH-003,401,53.6,7.49,False,False,False,4246.59,A
2024-05-01,PRD-00050,WH-003,237,31.4,7.55,False,False,False,2358.15,A
2024-06-01,PRD-00001,WH-003,385,43.3,8.9,False,False,False,1905.75,B
2024-06-01,PRD-00002,WH-002,352,65.0,5.41,False,False,False,1136.96,C
2024-06-01,PRD-00003,WH-001,786,83.4,9.43,False,False,False,3450.54,B
2024-06-01,PRD-00004,WH-002,399,61.8,6.45,False,False,False,4963.56,A
2024-06-01,PRD-00005,WH-003,566,76.4,7.4,False,False,False,3175.26,B
2024-06-01,PRD-00006,WH-001,207,37.1,5.59,False,False,False,1602.18,B
2024-06-01,PRD-00007,WH-002,456,64.0,7.13,False,False,False,4760.64,A
2024-06-01,PRD-00008,WH-003,285,59.4,4.79,False,False,False,1068.75,C
2024-06-01,PRD-00009,WH-003,487,57.1,8.52,False,False,False,2352.21,B
2024-06-01,PRD-00010,WH-003,173,26.6,6.5,False,False,False,465.37,C
2024-06-01,PRD-00011,WH-001,421,71.9,5.86,False,False,False,5510.89,A
2024-06-01,PRD-00012,WH-003,575,59.3,9.7,False,False,False,4784.0,A
2024-06-01,PRD-00013,WH-003,244,29.4,8.29,False,False,False,2310.68,A
2024-06-01,PRD-00014,WH-001,326,32.7,9.96,False,False,False,2431.96,A
2024-06-01,PRD-00015,WH-003,163,22.2,7.34,False,False,False,399.35,C
2024-06-01,PRD-00016,WH-001,397,51.8,7.66,False,False,False,1675.34,B
2024-06-01,PRD-00017,WH-003,329,67.0,4.91,False,False,False,4642.19,A
2024-06-01,PRD-00018,WH-002,62,14.1,4.39,False,False,False,1000.68,A
2024-06-01,PRD-00019,WH-001,178,33.6,5.3,False,False,False,436.1,C
2024-06-01,PRD-00020,WH-003,334,41.7,8.01,False,False,False,2661.98,A
2024-06-01,PRD-00021,WH-002,509,85.1,5.98,False,False,False,5069.64,A
2024-06-01,PRD-00022,WH-003,317,73.1,4.34,False,False,False,843.22,C
2024-06-01,PRD-00023,WH-002,216,30.7,7.03,False,False,False,915.84,B
2024-06-01,PRD-00024,WH-001,182,32.9,5.54,False,False,False,1110.2,B
2024-06-01,PRD-00025,WH-001,28,3.7,7.51,False,False,True,231.28,A
2024-06-01,PRD-00026,WH-002,313,54.4,5.76,False,False,False,3743.48,A
2024-06-01,PRD-00027,WH-001,70,13.8,5.09,False,False,True,779.8,A
2024-06-01,PRD-00028,WH-003,94,10.4,9.02,False,False,True,727.56,A
2024-06-01,PRD-00029,WH-003,160,34.1,4.69,False,False,False,592.0,C
2024-06-01,PRD-00030,WH-003,381,40.8,9.33,False,False,False,2785.11,A
2024-06-01,PRD-00031,WH-002,271,40.1,6.76,False,False,False,1485.08,B
2024-06-01,PRD-00032,WH-001,309,31.0,9.95,False,False,False,494.4,C
2024-06-01,PRD-00033,WH-002,408,48.4,8.43,False,False,False,3468.0,A
2024-06-01,PRD-00034,WH-002,88,15.2,5.79,False,False,False,227.04,C
2024-06-01,PRD-00035,WH-002,381,45.5,8.37,False,False,False,3375.66,A
2024-06-01,PRD-00036,WH-003,430,67.5,6.37,False,False,False,2674.6,B
2024-06-01,PRD-00037,WH-001,300,44.4,6.76,False,False,False,1818.0,B
2024-06-01,PRD-00038,WH-001,344,122.0,2.82,False,False,False,6515.36,A
2024-06-01,PRD-00039,WH-002,62,28.2,2.2,False,False,False,1704.38,A
2024-06-01,PRD-00040,WH-002,313,45.5,6.88,False,False,False,1990.68,A
2024-06-01,PRD-00041,WH-002,31,11.1,2.8,False,False,True,558.93,A
2024-06-01,PRD-00042,WH-002,85,38.7,2.2,False,False,False,1728.9,A
2024-06-01,PRD-00043,WH-003,14,2.5,5.5,False,False,True,140.0,A
2024-06-01,PRD-00044,WH-002,2,0.9,2.12,False,False,True,54.52,A
2024-06-01,PRD-00045,WH-001,168,65.5,2.57,False,False,False,3049.2,A
2024-06-01,PRD-00046,WH-001,480,72.2,6.65,False,False,False,3153.6,B
2024-06-01,PRD-00047,WH-002,398,79.4,5.01,False,False,False,1452.7,C
2024-06-01,PRD-00048,WH-001,630,66.6,9.46,False,False,False,3068.1,B
2024-06-01,PRD-00049,WH-001,399,50.8,7.86,False,False,False,4225.41,A
2024-06-01,PRD-00050,WH-002,472,59.5,7.93,False,False,False,4696.4,A
2024-07-01,PRD-00001,WH-002,401,43.0,9.32,False,False,False,1984.95,B
2024-07-01,PRD-00002,WH-002,158,27.9,5.67,False,False,False,510.34,C
2024-07-01,PRD-00003,WH-003,406,41.1,9.87,False,False,False,1782.34,B
2024-07-01,PRD-00004,WH-001,72,10.6,6.76,False,False,True,895.68,A
2024-07-01,PRD-00005,WH-002,260,33.5,7.76,False,False,False,1458.6,B
2024-07-01,PRD-00006,WH-001,305,52.1,5.85,False,False,False,2360.7,B
2024-07-01,PRD-00007,WH-001,266,35.6,7.47,False,False,False,2777.04,A
2024-07-01,PRD-00008,WH-003,273,54.4,5.02,False,False,False,1023.75,C
2024-07-01,PRD-00009,WH-001,479,53.6,8.93,False,False,False,2313.57,B
2024-07-01,PRD-00010,WH-001,407,59.8,6.81,False,False,False,1094.83,C
2024-07-01,PRD-00011,WH-002,451,73.5,6.14,False,False,False,5903.59,A
2024-07-01,PRD-00012,WH-003,402,39.6,10.16,False,False,False,3344.64,A
2024-07-01,PRD-00013,WH-001,283,32.6,8.68,False,False,False,2680.01,A
2024-07-01,PRD-00014,WH-003,820,78.6,10.43,False,False,False,6117.2,A
2024-07-01,PRD-00015,WH-002,411,53.4,7.69,False,False,False,1006.95,C
2024-07-01,PRD-00016,WH-001,443,55.2,8.03,False,False,False,1869.46,B
2024-07-01,PRD-00017,WH-002,302,58.7,5.15,False,False,False,4261.22,A
2024-07-01,PRD-00018,WH-001,200,43.5,4.6,False,False,False,3228.0,A
2024-07-01,PRD-00019,WH-002,220,39.6,5.56,False,False,False,539.0,C
2024-07-01,PRD-00020,WH-003,106,12.6,8.39,False,False,True,844.82,A
2024-07-01,PRD-00021,WH-003,330,52.7,6.27,False,False,False,3286.8,A
2024-07-01,PRD-00022,WH-001,342,75.2,4.55,False,False,False,909.72,C
2024-07-01,PRD-00023,WH-003,442,60.0,7.36,False,False,False,1874.08,B
2024-07-01,PRD-00024,WH-002,431,74.3,5.8,False,False,False,2629.1,B
2024-07-01,PRD-00025,WH-002,331,42.1,7.86,False,False,False,2734.06,A
2024-07-01,PRD-00026,WH-003,213,35.3,6.03,False,False,False,2547.48,A
2024-07-01,PRD-00027,WH-002,388,72.8,5.33,False,False,False,4322.32,A
2024-07-01,PRD-00028,WH-002,408,43.2,9.45,False,False,False,3157.92,A
2024-07-01,PRD-00029,WH-001,175,35.6,4.91,False,False,False,647.5,C
2024-07-01,PRD-00030,WH-003,165,16.9,9.77,False,False,False,1206.15,A
2024-07-01,PRD-00031,WH-003,488,68.9,7.08,False,False,False,2674.24,B
2024-07-01,PRD-00032,WH-003,623,59.8,10.43,False,False,False,996.8,C
2024-07-01,PRD-00033,WH-002,389,44.0,8.83,False,False,False,3306.5,A
2024-07-01,PRD-00034,WH-001,289,47.7,6.06,False,False,False,745.62,C
2024-07-01,PRD-00035,WH-003,643,73.3,8.77,False,False,False,5696.98,A
2024-07-01,PRD-00036,WH-003,286,42.8,6.67,False,False,False,1778.92,B
2024-07-01,PRD-00037,WH-003,243,34.3,7.08,False,False,False,1472.58,B
2024-07-01,PRD-00038,WH-002,302,102.3,2.95,False,False,False,5719.88,A
2024-07-01,PRD-00039,WH-001,78,33.9,2.3,False,False,False,2144.22,A
2024-07-01,PRD-00040,WH-001,415,57.6,7.21,False,False,False,2639.4,A
2024-07-01,PRD-00041,WH-003,116,39.6,2.93,False,False,False,2091.48,A
2024-07-01,PRD-00042,WH-001,63,27.4,2.3,False,False,False,1281.42,A
2024-07-01,PRD-00043,WH-002,184,31.9,5.76,False,False,False,1840.0,A
2024-07-01,PRD-00044,WH-002,0,0.0,2.23,True,False,False,0.0,A
2024-07-01,PRD-00045,WH-001,0,0.0,2.69,True,False,False,0.0,A
2024-07-01,PRD-00046,WH-003,328,47.1,6.96,False,False,False,2154.96,B
2024-07-01,PRD-00047,WH-001,276,52.6,5.25,False,False,False,1007.4,C
2024-07-01,PRD-00048,WH-001,614,62.0,9.91,False,False,False,2990.18,B
2024-07-01,PRD-00049,WH-001,479,58.2,8.24,False,False,False,5072.61,A
2024-07-01,PRD-00050,WH-003,294,35.4,8.31,False,False,False,2925.3,A
2024-08-01,PRD-00001,WH-001,162,18.2,8.9,False,False,False,801.9,B
2024-08-01,PRD-00002,WH-003,483,89.2,5.41,False,False,False,1560.09,C
2024-08-01,PRD-00003,WH-001,864,91.7,9.43,False,False,False,3792.96,B
2024-08-01,PRD-00004,WH-001,150,23.2,6.45,False,False,False,1866.0,A
2024-08-01,PRD-00005,WH-003,556,75.1,7.4,False,False,False,3119.16,B
2024-08-01,PRD-00006,WH-001,516,92.4,5.59,False,False,False,3993.84,B
2024-08-01,PRD-00007,WH-003,166,23.3,7.13,False,False,False,1733.04,A
2024-08-01,PRD-00008,WH-003,383,79.9,4.79,False,False,False,1436.25,C
2024-08-01,PRD-00009,WH-002,485,56.9,8.52,False,False,False,2342.55,B
2024-08-01,PRD-00010,WH-003,111,17.1,6.5,False,False,False,298.59,C
2024-08-01,PRD-00011,WH-001,517,88.2,5.86,False,False,False,6767.53,A
2024-08-01,PRD-00012,WH-002,665,68.5,9.7,False,False,False,5532.8,A
2024-08-01,PRD-00013,WH-002,172,20.7,8.29,False,False,False,1628.84,A
2024-08-01,PRD-00014,WH-002,609,61.2,9.96,False,False,False,4543.14,A
2024-08-01,PRD-00015,WH-003,162,22.1,7.34,False,False,False,396.9,C
2024-08-01,PRD-00016,WH-002,80,10.4,7.66,False,False,False,337.6,B
2024-08-01,PRD-00017,WH-001,214,43.6,4.91,False,False,False,3019.54,A
2024-08-01,PRD-00018,WH-003,126,28.7,4.39,False,False,False,2033.64,A
2024-08-01,PRD-00019,WH-002,255,48.1,5.3,False,False,False,624.75,C
2024-08-01,PRD-00020,WH-001,481,60.1,8.01,False,False,False,3833.57,A
2024-08-01,PRD-00021,WH-001,398,66.5,5.98,False,False,False,3964.08,A
2024-08-01,PRD-00022,WH-001,279,64.3,4.34,False,False,False,742.14,C
2024-08-01,PRD-00023,WH-001,681,96.9,7.03,False,False,False,2887.44,B
2024-08-01,PRD-00024,WH-002,111,20.0,5.54,False,False,False,677.1,B
2024-08-01,PRD-00025,WH-002,292,38.9,7.51,False,False,False,2411.92,A
2024-08-01,PRD-00026,WH-003,155,26.9,5.76,False,False,False,1853.8,A
2024-08-01,PRD-00027,WH-002,122,24.0,5.09,False,False,False,1359.08,A
2024-08-01,PRD-00028,WH-003,516,57.2,9.02,False,False,False,3993.84,A
2024-08-01,PRD-00029,WH-002,33,7.0,4.69,False,False,False,122.1,C
2024-08-01,PRD-00030,WH-001,97,10.4,9.33,False,False,True,709.07,A
2024-08-01,PRD-00031,WH-003,304,45.0,6.76,False,False,False,1665.92,B
2024-08-01,PRD-00032,WH-003,513,51.5,9.95,False,False,False,820.8,C
2024-08-01,PRD-00033,WH-001,379,45.0,8.43,False,False,False,3221.5,A
2024-08-01,PRD-00034,WH-003,491,84.9,5.79,False,False,False,1266.78,C
2024-08-01,PRD-00035,WH-002,365,43.6,8.37,False,False,False,3233.9,A
2024-08-01,PRD-00036,WH-001,369,57.9,6.37,False,False,False,2295.18,B
2024-08-01,PRD-00037,WH-001,109,16.1,6.76,False,False,False,660.54,B
2024-08-01,PRD-00038,WH-001,256,90.8,2.82,False,False,False,4848.64,A
2024-08-01,PRD-00039,WH-003,86,39.2,2.2,False,False,False,2364.14,A
2024-08-01,PRD-00040,WH-001,410,59.6,6.88,False,False,False,2607.6,A
2024-08-01,PRD-00041,WH-003,61,21.8,2.8,False,False,False,1099.83,A
2024-08-01,PRD-00042,WH-002,118,53.7,2.2,False,False,False,2400.12,A
2024-08-01,PRD-00043,WH-001,145,26.4,5.5,False,False,False,1450.0,A
2024-08-01,PRD-00044,WH-002,46,21.7,2.12,False,False,False,1253.96,A
2024-08-01,PRD-00045,WH-003,53,20.7,2.57,False,False,False,961.95,A
2024-08-01,PRD-00046,WH-002,402,60.5,6.65,False,False,False,2641.14,B
2024-08-01,PRD-00047,WH-003,486,97.0,5.01,False,True,False,1773.9,C
2024-08-01,PRD-00048,WH-002,513,54.2,9.46,False,False,False,2498.31,B
2024-08-01,PRD-00049,WH-003,196,24.9,7.86,False,False,False,2075.64,A
2024-08-01,PRD-00050,WH-003,142,17.9,7.93,False,False,False,1412.9,A
2024-09-01,PRD-00001,WH-001,380,44.8,8.47,False,False,False,1881.0,B
2024-09-01,PRD-00002,WH-002,288,55.9,5.15,False,False,False,930.24,C
2024-09-01,PRD-00003,WH-003,397,44.2,8.98,False,False,False,1742.83,B
2024-09-01,PRD-00004,WH-001,392,63.8,6.15,False,False,False,4876.48,A
2024-09-01,PRD-00005,WH-002,521,73.9,7.05,False,False,False,2922.81,B
2024-09-01,PRD-00006,WH-001,557,104.7,5.32,False,False,False,4311.18,B
2024-09-01,PRD-00007,WH-003,50,7.4,6.79,False,False,True,522.0,A
2024-09-01,PRD-00008,WH-002,76,16.6,4.57,False,False,False,285.0,C
2024-09-01,PRD-00009,WH-001,616,75.9,8.12,False,False,False,2975.28,B
2024-09-01,PRD-00010,WH-003,381,61.5,6.19,False,False,False,1024.89,C
2024-09-01,PRD-00011,WH-002,390,69.9,5.58,False,False,False,5105.1,A
2024-09-01,PRD-00012,WH-001,743,80.4,9.24,False,False,False,6181.76,A
2024-09-01,PRD-00013,WH-002,442,56.0,7.89,False,False,False,4185.74,A
2024-09-01,PRD-00014,WH-001,545,57.5,9.48,False,False,False,4065.7,A
2024-09-01,PRD-00015,WH-002,281,40.2,6.99,False,False,False,688.45,C
2024-09-01,PRD-00016,WH-001,315,43.2,7.3,False,False,False,1329.3,B
2024-09-01,PRD-00017,WH-002,361,77.2,4.68,False,False,False,5093.71,A
2024-09-01,PRD-00018,WH-003,81,19.4,4.18,False,False,False,1307.34,A
2024-09-01,PRD-00019,WH-003,293,58.0,5.05,False,False,False,717.85,C
2024-09-01,PRD-00020,WH-002,132,17.3,7.63,False,False,False,1052.04,A
2024-09-01,PRD-00021,WH-001,295,51.8,5.7,False,False,False,2938.2,A
2024-09-01,PRD-00022,WH-003,262,63.4,4.13,False,False,False,696.92,C
2024-09-01,PRD-00023,WH-001,196,29.3,6.69,False,False,False,831.04,B
2024-09-01,PRD-00024,WH-001,245,46.5,5.27,False,False,False,1494.5,B
2024-09-01,PRD-00025,WH-002,528,73.9,7.15,False,False,False,4361.28,A
2024-09-01,PRD-00026,WH-002,362,66.0,5.48,False,False,False,4329.52,A
2024-09-01,PRD-00027,WH-003,234,48.3,4.85,False,False,False,2606.76,A
2024-09-01,PRD-00028,WH-003,56,6.5,8.59,False,False,True,433.44,A
2024-09-01,PRD-00029,WH-002,149,33.4,4.46,False,False,False,551.3,C
2024-09-01,PRD-00030,WH-002,472,53.1,8.88,False,False,False,3450.32,A
2024-09-01,PRD-00031,WH-001,208,32.3,6.44,False,False,False,1139.84,B
2024-09-01,PRD-00032,WH-003,825,87.0,9.48,False,False,False,1320.0,C
2024-09-01,PRD-00033,WH-001,241,30.0,8.03,False,False,False,2048.5,A
2024-09-01,PRD-00034,WH-001,467,84.8,5.51,False,False,False,1204.86,C
2024-09-01,PRD-00035,WH-002,309,38.8,7.97,False,False,False,2737.74,A
2024-09-01,PRD-00036,WH-003,7,1.2,6.07,False,False,False,43.54,B
2024-09-01,PRD-00037,WH-003,286,44.4,6.44,False,False,False,1733.16,B
2024-09-01,PRD-00038,WH-001,285,106.1,2.68,False,False,False,5397.9,A
2024-09-01,PRD-00039,WH-001,157,75.1,2.09,False,False,False,4315.93,A
2024-09-01,PRD-00040,WH-002,399,60.9,6.55,False,False,False,2537.64,A
2024-09-01,PRD-00041,WH-001,62,23.3,2.66,False,False,False,1117.86,A
2024-09-01,PRD-00042,WH-002,0,0.0,2.09,True,False,False,0.0,A
2024-09-01,PRD-00043,WH-001,56,10.7,5.24,False,False,True,560.0,A
2024-09-01,PRD-00044,WH-001,71,35.1,2.02,False,False,False,1935.46,A
2024-09-01,PRD-00045,WH-001,116,47.5,2.44,False,False,False,2105.4,A
2024-09-01,PRD-00046,WH-001,61,9.6,6.33,False,False,False,400.77,B
2024-09-01,PRD-00047,WH-002,33,6.9,4.77,False,False,False,120.45,C
2024-09-01,PRD-00048,WH-001,744,82.6,9.01,False,False,False,3623.28,B
2024-09-01,PRD-00049,WH-002,357,47.7,7.49,False,False,False,3780.63,A
2024-09-01,PRD-00050,WH-003,503,66.6,7.55,False,False,False,5004.85,A
2024-10-01,PRD-00001,WH-001,703,75.4,9.32,False,False,False,3479.85,B
2024-10-01,PRD-00002,WH-001,298,52.6,5.67,False,False,False,962.54,C
2024-10-01,PRD-00003,WH-002,347,35.1,9.87,False,False,False,1523.33,B
2024-10-01,PRD-00004,WH-003,258,38.2,6.76,False,False,False,3209.52,A
2024-10-01,PRD-00005,WH-002,356,45.9,7.76,False,False,False,1997.16,B
2024-10-01,PRD-00006,WH-001,422,72.1,5.85,False,False,False,3266.28,B
2024-10-01,PRD-00007,WH-001,282,37.8,7.47,False,False,False,2944.08,A
2024-10-01,PRD-00008,WH-001,225,44.8,5.02,False,False,False,843.75,C
2024-10-01,PRD-00009,WH-003,840,94.1,8.93,False,False,False,4057.2,B
2024-10-01,PRD-00010,WH-003,105,15.4,6.81,False,False,False,282.45,C
2024-10-01,PRD-00011,WH-003,560,91.2,6.14,False,False,False,7330.4,A
2024-10-01,PRD-00012,WH-003,353,34.7,10.16,False,False,False,2936.96,A
2024-10-01,PRD-00013,WH-002,278,32.0,8.68,False,False,False,2632.66,A
2024-10-01,PRD-00014,WH-002,564,54.1,10.43,False,False,False,4207.44,A
2024-10-01,PRD-00015,WH-002,265,34.4,7.69,False,False,False,649.25,C
2024-10-01,PRD-00016,WH-001,394,49.1,8.03,False,False,False,1662.68,B
2024-10-01,PRD-00017,WH-001,368,71.5,5.15,False,False,False,5192.48,A
2024-10-01,PRD-00018,WH-002,122,26.5,4.6,False,False,False,1969.08,A
2024-10-01,PRD-00019,WH-002,140,25.2,5.56,False,False,False,343.0,C
2024-10-01,PRD-00020,WH-002,193,23.0,8.39,False,False,False,1538.21,A
2024-10-01,PRD-00021,WH-002,467,74.5,6.27,False,False,False,4651.32,A
2024-10-01,PRD-00022,WH-003,477,104.9,4.55,False,True,False,1268.82,C
2024-10-01,PRD-00023,WH-003,310,42.1,7.36,False,False,False,1314.4,B
2024-10-01,PRD-00024,WH-002,170,29.3,5.8,False,False,False,1037.0,B
2024-10-01,PRD-00025,WH-001,431,54.8,7.86,False,False,False,3560.06,A
2024-10-01,PRD-00026,WH-001,273,45.3,6.03,False,False,False,3265.08,A
2024-10-01,PRD-00027,WH-003,247,46.3,5.33,False,False,False,2751.58,A
2024-10-01,PRD-00028,WH-002,760,80.5,9.45,False,False,False,5882.4,A
2024-10-01,PRD-00029,WH-003,120,24.4,4.91,False,False,False,444.0,C
2024-10-01,PRD-00030,WH-003,267,27.3,9.77,False,False,False,1951.77,A
2024-10-01,PRD-00031,WH-001,161,22.7,7.08,False,False,False,882.28,B
2024-10-01,PRD-00032,WH-002,132,12.7,10.43,False,False,False,211.2,C
2024-10-01,PRD-00033,WH-003,209,23.7,8.83,False,False,False,1776.5,A
2024-10-01,PRD-00034,WH-001,429,70.8,6.06,False,False,False,1106.82,C
2024-10-01,PRD-00035,WH-001,160,18.2,8.77,False,False,False,1417.6,A
2024-10-01,PRD-00036,WH-001,269,40.3,6.67,False,False,False,1673.18,B
2024-10-01,PRD-00037,WH-002,402,56.8,7.08,False,False,False,2436.12,B
2024-10-01,PRD-00038,WH-003,341,115.5,2.95,False,False,False,6458.54,A
2024-10-01,PRD-00039,WH-001,167,72.6,2.3,False,False,False,4590.83,A
2024-10-01,PRD-00040,WH-002,315,43.7,7.21,False,False,False,2003.4,A
2024-10-01,PRD-00041,WH-001,27,9.2,2.93,False,False,True,486.81,A
2024-10-01,PRD-00042,WH-003,0,0.0,2.3,True,False,False,0.0,A
2024-10-01,PRD-00043,WH-002,51,8.9,5.76,False,False,True,510.0,A
2024-10-01,PRD-00044,WH-003,36,16.2,2.23,False,False,False,981.36,A
2024-10-01,PRD-00045,WH-001,266,99.0,2.69,False,False,False,4827.9,A
2024-10-01,PRD-00046,WH-002,120,17.2,6.96,False,False,False,788.4,B
2024-10-01,PRD-00047,WH-001,308,58.7,5.25,False,False,False,1124.2,C
2024-10-01,PRD-00048,WH-002,979,98.8,9.91,False,False,False,4767.73,B
2024-10-01,PRD-00049,WH-001,295,35.8,8.24,False,False,False,3124.05,A
2024-10-01,PRD-00050,WH-002,436,52.5,8.31,False,False,False,4338.2,A
2024-11-01,PRD-00001,WH-002,305,26.7,11.44,False,False,False,1509.75,B
2024-11-01,PRD-00002,WH-002,92,13.2,6.96,False,False,False,297.16,C
2024-11-01,PRD-00003,WH-003,827,68.2,12.12,False,False,False,3630.53,B
2024-11-01,PRD-00004,WH-002,202,24.3,8.3,False,False,False,2512.88,A
2024-11-01,PRD-00005,WH-003,308,32.4,9.52,False,False,False,1727.88,B
2024-11-01,PRD-00006,WH-003,345,48.0,7.18,False,False,False,2670.3,B
2024-11-01,PRD-00007,WH-002,202,22.0,9.16,False,False,False,2108.88,A
2024-11-01,PRD-00008,WH-002,238,38.6,6.16,False,False,False,892.5,C
2024-11-01,PRD-00009,WH-001,674,61.5,10.96,False,False,False,3255.42,B
2024-11-01,PRD-00010,WH-002,237,28.4,8.36,False,False,False,637.53,C
2024-11-01,PRD-00011,WH-001,382,50.7,7.53,False,False,False,5000.38,A
2024-11-01,PRD-00012,WH-002,841,67.4,12.47,False,False,False,6997.12,A
2024-11-01,PRD-00013,WH-001,0,0.0,10.66,True,False,False,0.0,A
2024-11-01,PRD-00014,WH-001,721,56.3,12.8,False,False,False,5378.66,A
2024-11-01,PRD-00015,WH-003,400,42.4,9.44,False,False,False,980.0,C
2024-11-01,PRD-00016,WH-002,260,26.4,9.85,False,False,False,1097.2,B
2024-11-01,PRD-00017,WH-001,138,21.9,6.31,False,False,False,1947.18,A
2024-11-01,PRD-00018,WH-003,88,15.6,5.64,False,False,False,1420.32,A
2024-11-01,PRD-00019,WH-002,297,43.6,6.82,False,False,False,727.65,C
2024-11-01,PRD-00020,WH-001,386,37.5,10.3,False,False,False,3076.42,A
2024-11-01,PRD-00021,WH-002,414,53.8,7.69,False,False,False,4123.44,A
2024-11-01,PRD-00022,WH-002,22,3.9,5.58,False,False,False,58.52,C
2024-11-01,PRD-00023,WH-001,620,68.6,9.04,False,False,False,2628.8,B
2024-11-01,PRD-00024,WH-002,313,44.0,7.12,False,False,False,1909.3,B
2024-11-01,PRD-00025,WH-003,119,12.3,9.65,False,False,True,982.94,A
2024-11-01,PRD-00026,WH-001,316,42.7,7.4,False,False,False,3779.36,A
2024-11-01,PRD-00027,WH-003,377,57.6,6.54,False,False,False,4199.78,A
2024-11-01,PRD-00028,WH-001,0,67.6,11.59,True,False,False,0.0,A
2024-11-01,PRD-00029,WH-003,488,81.0,6.03,False,False,False,1805.6,C
2024-11-01,PRD-00030,WH-002,820,68.4,11.99,False,False,False,5994.2,A
2024-11-01,PRD-00031,WH-003,287,33.0,8.69,False,False,False,1572.76,B
2024-11-01,PRD-00032,WH-003,198,15.5,12.8,False,False,False,316.8,C
2024-11-01,PRD-00033,WH-003,344,31.7,10.84,False,False,False,2924.0,A
2024-11-01,PRD-00034,WH-001,285,38.3,7.44,False,False,False,735.3,C
2024-11-01,PRD-00035,WH-002,483,44.9,10.76,False,False,False,4279.38,A
2024-11-01,PRD-00036,WH-002,304,37.1,8.19,False,False,False,1890.88,B
2024-11-01,PRD-00037,WH-003,471,54.2,8.69,False,False,False,2854.26,B
2024-11-01,PRD-00038,WH-002,342,94.4,3.62,False,False,False,6477.48,A
2024-11-01,PRD-00039,WH-003,167,59.1,2.82,False,False,False,4590.83,A
2024-11-01,PRD-00040,WH-002,555,62.7,8.85,False,False,False,3529.8,A
2024-11-01,PRD-00041,WH-002,86,23.9,3.6,False,False,False,1550.58,A
2024-11-01,PRD-00042,WH-003,114,40.4,2.82,False,False,False,2318.76,A
2024-11-01,PRD-00043,WH-003,350,49.5,7.07,False,False,False,3500.0,A
2024-11-01,PRD-00044,WH-003,26,9.5,2.73,False,False,True,708.76,A
2024-11-01,PRD-00045,WH-003,145,44.0,3.3,False,False,False,2631.75,A
2024-11-01,PRD-00046,WH-002,504,59.0,8.54,False,False,False,3311.28,B
2024-11-01,PRD-00047,WH-002,336,52.1,6.44,False,False,False,1226.4,C
2024-11-01,PRD-00048,WH-003,578,47.5,12.16,False,False,False,2814.86,B
2024-11-01,PRD-00049,WH-003,342,33.8,10.11,False,False,False,3621.78,A
2024-11-01,PRD-00050,WH-001,569,55.8,10.19,False,False,False,5661.55,A
2024-12-01,PRD-00001,WH-003,55,4.3,12.71,False,False,False,272.25,B
2024-12-01,PRD-00002,WH-002,398,51.5,7.73,False,False,False,1285.54,C
2024-12-01,PRD-00003,WH-003,185,13.7,13.46,False,False,False,812.15,B
2024-12-01,PRD-00004,WH-002,217,23.5,9.22,False,False,False,2699.48,A
2024-12-01,PRD-00005,WH-001,848,80.2,10.58,False,False,False,4757.28,B
2024-12-01,PRD-00006,WH-003,95,11.9,7.98,False,False,False,735.3,B
2024-12-01,PRD-00007,WH-002,348,34.2,10.18,False,False,False,3633.12,A
2024-12-01,PRD-00008,WH-003,313,45.7,6.85,False,False,False,1173.75,C
2024-12-01,PRD-00009,WH-002,442,36.3,12.18,False,False,False,2134.86,B
2024-12-01,PRD-00010,WH-002,0,0.0,9.29,True,False,False,0.0,C
2024-12-01,PRD-00011,WH-001,306,36.6,8.37,False,False,False,4005.54,A
2024-12-01,PRD-00012,WH-002,1132,81.7,13.86,False,False,False,9418.24,A
2024-12-01,PRD-00013,WH-001,386,32.6,11.84,False,False,False,3655.42,A
2024-12-01,PRD-00014,WH-002,529,37.2,14.23,False,False,False,3946.34,A
2024-12-01,PRD-00015,WH-002,240,22.9,10.49,False,False,False,588.0,C
2024-12-01,PRD-00016,WH-003,278,25.4,10.95,False,False,False,1173.16,B
2024-12-01,PRD-00017,WH-002,95,13.5,7.02,False,False,True,1340.45,A
2024-12-01,PRD-00018,WH-002,0,0.0,6.27,True,False,False,0.0,A
2024-12-01,PRD-00019,WH-001,0,0.0,7.58,True,False,False,0.0,C
2024-12-01,PRD-00020,WH-003,357,31.2,11.44,False,False,False,2845.29,A
2024-12-01,PRD-00021,WH-002,59,6.9,8.54,False,False,True,587.64,A
2024-12-01,PRD-00022,WH-001,570,92.0,6.2,False,True,False,1516.2,C
2024-12-01,PRD-00023,WH-003,192,19.1,10.04,False,False,False,814.08,B
2024-12-01,PRD-00024,WH-002,142,17.9,7.91,False,False,False,866.2,B
2024-12-01,PRD-00025,WH-003,139,13.0,10.72,False,False,True,1148.14,A
2024-12-01,PRD-00026,WH-002,536,65.2,8.23,False,False,False,6410.56,A
2024-12-01,PRD-00027,WH-003,0,24.6,7.27,True,False,False,0.0,A
2024-12-01,PRD-00028,WH-003,883,68.5,12.88,False,False,False,6834.42,A
2024-12-01,PRD-00029,WH-002,462,69.0,6.7,False,False,False,1709.4,C
2024-12-01,PRD-00030,WH-001,71,5.3,13.33,False,False,True,519.01,A
2024-12-01,PRD-00031,WH-002,254,26.3,9.65,False,False,False,1391.92,B
2024-12-01,PRD-00032,WH-002,18,1.3,14.22,False,False,False,28.8,C
2024-12-01,PRD-00033,WH-003,468,38.9,12.04,False,False,False,3978.0,A
2024-12-01,PRD-00034,WH-003,355,43.0,8.26,False,False,False,915.9,C
2024-12-01,PRD-00035,WH-001,139,11.6,11.96,False,False,True,1231.54,A
2024-12-01,PRD-00036,WH-001,541,59.4,9.1,False,False,False,3365.02,B
2024-12-01,PRD-00037,WH-001,0,0.0,9.65,True,False,False,0.0,B
2024-12-01,PRD-00038,WH-002,194,48.2,4.03,False,False,False,3674.36,A
2024-12-01,PRD-00039,WH-002,115,36.7,3.14,False,False,False,3161.35,A
2024-12-01,PRD-00040,WH-003,295,30.0,9.83,False,False,False,1876.2,A
2024-12-01,PRD-00041,WH-001,170,42.5,4.0,False,False,False,3065.1,A
2024-12-01,PRD-00042,WH-003,27,8.6,3.14,False,False,True,549.18,A
2024-12-01,PRD-00043,WH-001,0,0.0,7.86,True,False,False,0.0,A
2024-12-01,PRD-00044,WH-003,0,0.0,3.03,True,False,False,0.0,A
2024-12-01,PRD-00045,WH-003,194,52.9,3.66,False,False,False,3521.1,A
2024-12-01,PRD-00046,WH-003,238,25.1,9.49,False,False,False,1563.66,B
2024-12-01,PRD-00047,WH-001,268,37.4,7.16,False,False,False,978.2,C
2024-12-01,PRD-00048,WH-003,455,33.7,13.51,False,False,False,2215.85,B
2024-12-01,PRD-00049,WH-002,575,51.2,11.23,False,False,False,6089.25,A
2024-12-01,PRD-00050,WH-002,469,41.4,11.33,False,False,False,4666.55,A
2025-01-01,PRD-00001,WH-001,612,96.3,6.36,False,False,False,3029.4,B
2025-01-01,PRD-00002,WH-001,0,0.0,3.87,True,False,False,0.0,C
2025-01-01,PRD-00003,WH-001,542,80.5,6.73,False,False,False,2379.38,B
2025-01-01,PRD-00004,WH-003,130,28.2,4.61,False,False,False,1617.2,A
2025-01-01,PRD-00005,WH-002,575,108.7,5.29,False,False,False,3225.75,B
2025-01-01,PRD-00006,WH-002,248,62.2,3.99,False,False,False,1919.52,B
2025-01-01,PRD-00007,WH-003,523,102.7,5.09,False,False,False,5460.12,A
2025-01-01,PRD-00008,WH-003,122,35.6,3.42,False,False,False,457.5,C
2025-01-01,PRD-00009,WH-001,183,30.1,6.09,False,False,False,883.89,B
2025-01-01,PRD-00010,WH-001,689,148.4,4.64,False,True,False,1853.41,C
2025-01-01,PRD-00011,WH-001,442,105.6,4.18,False,False,False,5785.78,A
2025-01-01,PRD-00012,WH-001,713,102.9,6.93,False,False,False,5932.16,A
2025-01-01,PRD-00013,WH-003,148,25.0,5.92,False,False,False,1401.56,A
2025-01-01,PRD-00014,WH-002,881,123.9,7.11,False,False,False,6572.26,A
2025-01-01,PRD-00015,WH-002,291,55.5,5.24,False,False,False,712.95,C
2025-01-01,PRD-00016,WH-003,251,45.8,5.47,False,False,False,1059.22,B
2025-01-01,PRD-00017,WH-002,180,51.3,3.51,False,False,False,2539.8,A
2025-01-01,PRD-00018,WH-003,122,38.9,3.13,False,False,False,1969.08,A
2025-01-01,PRD-00019,WH-002,246,64.9,3.79,False,False,False,602.7,C
2025-01-01,PRD-00020,WH-002,521,91.1,5.72,False,False,False,4152.37,A
2025-01-01,PRD-00021,WH-002,372,87.1,4.27,False,False,False,3705.12,A
2025-01-01,PRD-00022,WH-002,31,10.0,3.1,False,False,False,82.46,C
2025-01-01,PRD-00023,WH-002,0,0.0,5.02,True,False,False,0.0,B
2025-01-01,PRD-00024,WH-003,619,156.5,3.96,False,False,False,3775.9,B
2025-01-01,PRD-00025,WH-002,347,64.7,5.36,False,False,False,2866.22,A
2025-01-01,PRD-00026,WH-002,429,104.3,4.11,False,False,False,5130.84,A
2025-01-01,PRD-00027,WH-002,247,68.0,3.63,False,False,False,2751.58,A
2025-01-01,PRD-00028,WH-003,342,53.1,6.44,False,False,False,2647.08,A
2025-01-01,PRD-00029,WH-001,145,43.3,3.35,False,False,False,536.5,C
2025-01-01,PRD-00030,WH-001,347,52.1,6.66,False,False,False,2536.57,A
2025-01-01,PRD-00031,WH-003,332,68.8,4.83,False,False,False,1819.36,B
2025-01-01,PRD-00032,WH-002,972,136.7,7.11,False,True,False,1555.2,C
2025-01-01,PRD-00033,WH-002,662,109.9,6.02,False,False,False,5627.0,A
2025-01-01,PRD-00034,WH-003,443,107.2,4.13,False,True,False,1142.94,C
2025-01-01,PRD-00035,WH-002,427,71.4,5.98,False,False,False,3783.22,A
2025-01-01,PRD-00036,WH-001,191,42.0,4.55,False,False,False,1188.02,B
2025-01-01,PRD-00037,WH-001,105,21.8,4.83,False,False,False,636.3,B
2025-01-01,PRD-00038,WH-003,356,176.8,2.01,False,False,False,6742.64,A
2025-01-01,PRD-00039,WH-002,61,38.9,1.57,False,False,False,1676.89,A
2025-01-01,PRD-00040,WH-003,1024,208.3,4.92,False,False,False,6512.64,A
2025-01-01,PRD-00041,WH-003,159,79.6,2.0,False,False,False,2866.77,A
2025-01-01,PRD-00042,WH-002,138,88.0,1.57,False,False,False,2806.92,A
2025-01-01,PRD-00043,WH-001,246,62.6,3.93,False,False,False,2460.0,A
2025-01-01,PRD-00044,WH-001,0,0.0,1.52,True,False,False,0.0,A
2025-01-01,PRD-00045,WH-001,57,31.1,1.83,False,False,False,1034.55,A
2025-01-01,PRD-00046,WH-002,109,23.0,4.75,False,False,False,716.13,B
2025-01-01,PRD-00047,WH-001,93,26.0,3.58,False,False,False,339.45,C
2025-01-01,PRD-00048,WH-001,1068,158.1,6.76,False,False,False,5201.16,B
2025-01-01,PRD-00049,WH-003,803,143.0,5.62,False,False,False,8503.77,A
2025-01-01,PRD-00050,WH-003,109,19.2,5.66,False,False,False,1084.55,A
2025-02-01,PRD-00001,WH-001,430,63.4,6.78,False,False,False,2128.5,B
2025-02-01,PRD-00002,WH-003,646,156.7,4.12,False,True,False,2086.58,C
2025-02-01,PRD-00003,WH-003,287,40.0,7.18,False,False,False,1259.93,B
2025-02-01,PRD-00004,WH-001,441,89.7,4.92,False,False,False,5486.04,A
2025-02-01,PRD-00005,WH-002,425,75.3,5.64,False,False,False,2384.25,B
2025-02-01,PRD-00006,WH-001,248,58.3,4.26,False,False,False,1919.52,B
2025-02-01,PRD-00007,WH-002,459,84.5,5.43,False,False,False,4791.96,A
2025-02-01,PRD-00008,WH-002,445,121.8,3.65,False,True,False,1668.75,C
2025-02-01,PRD-00009,WH-002,418,64.4,6.49,False,False,False,2018.94,B
2025-02-01,PRD-00010,WH-003,320,64.6,4.95,False,False,False,860.8,C
2025-02-01,PRD-00011,WH-002,335,75.0,4.46,False,False,False,4385.15,A
2025-02-01,PRD-00012,WH-002,784,106.1,7.39,False,False,False,6522.88,A
2025-02-01,PRD-00013,WH-002,0,0.0,6.32,True,False,False,0.0,A
2025-02-01,PRD-00014,WH-003,695,91.6,7.59,False,False,False,5184.7,A
2025-02-01,PRD-00015,WH-002,160,28.6,5.59,False,False,False,392.0,C
2025-02-01,PRD-00016,WH-002,433,74.2,5.84,False,False,False,1827.26,B
2025-02-01,PRD-00017,WH-003,214,57.2,3.74,False,False,False,3019.54,A
2025-02-01,PRD-00018,WH-001,135,40.4,3.34,False,False,False,2178.9,A
2025-02-01,PRD-00019,WH-001,157,38.9,4.04,False,False,False,384.65,C
2025-02-01,PRD-00020,WH-001,237,38.8,6.1,False,False,False,1888.89,A
2025-02-01,PRD-00021,WH-003,312,68.5,4.56,False,False,False,3107.52,A
2025-02-01,PRD-00022,WH-002,279,84.4,3.31,False,False,False,742.14,C
2025-02-01,PRD-00023,WH-001,254,47.4,5.35,False,False,False,1076.96,B
2025-02-01,PRD-00024,WH-003,398,94.3,4.22,False,False,False,2427.8,B
2025-02-01,PRD-00025,WH-002,185,32.3,5.72,False,False,False,1528.1,A
2025-02-01,PRD-00026,WH-002,582,132.6,4.39,False,False,False,6960.72,A
2025-02-01,PRD-00027,WH-003,278,71.7,3.88,False,False,False,3096.92,A
2025-02-01,PRD-00028,WH-003,231,33.6,6.87,False,False,False,1787.94,A
2025-02-01,PRD-00029,WH-003,311,87.1,3.57,False,False,False,1150.7,C
2025-02-01,PRD-00030,WH-003,952,133.9,7.11,False,False,False,6959.12,A
2025-02-01,PRD-00031,WH-001,460,89.4,5.15,False,False,False,2520.8,B
2025-02-01,PRD-00032,WH-003,780,102.9,7.58,False,True,False,1248.0,C
2025-02-01,PRD-00033,WH-003,947,147.4,6.42,False,False,False,8049.5,A
2025-02-01,PRD-00034,WH-001,489,110.9,4.41,False,True,False,1261.62,C
2025-02-01,PRD-00035,WH-003,259,40.6,6.38,False,False,False,2294.74,A
2025-02-01,PRD-00036,WH-001,260,53.6,4.85,False,False,False,1617.2,B
2025-02-01,PRD-00037,WH-003,193,37.5,5.15,False,False,False,1169.58,B
2025-02-01,PRD-00038,WH-001,293,136.4,2.15,False,False,False,5549.42,A
2025-02-01,PRD-00039,WH-003,96,57.4,1.67,False,False,False,2639.04,A
2025-02-01,PRD-00040,WH-001,588,112.1,5.24,False,False,False,3739.68,A
2025-02-01,PRD-00041,WH-002,278,130.4,2.13,False,False,False,5012.34,A
2025-02-01,PRD-00042,WH-003,106,63.3,1.67,False,False,False,2156.04,A
2025-02-01,PRD-00043,WH-003,616,147.0,4.19,False,False,False,6160.0,A
2025-02-01,PRD-00044,WH-001,49,30.3,1.62,False,False,False,1335.74,A
2025-02-01,PRD-00045,WH-001,101,51.7,1.95,False,False,False,1833.15,A
2025-02-01,PRD-00046,WH-003,313,61.8,5.06,False,False,False,2056.41,B
2025-02-01,PRD-00047,WH-002,87,22.8,3.82,False,False,False,317.55,C
2025-02-01,PRD-00048,WH-001,689,95.6,7.21,False,False,False,3355.43,B
2025-02-01,PRD-00049,WH-001,469,78.3,5.99,False,False,False,4966.71,A
2025-02-01,PRD-00050,WH-001,711,117.7,6.04,False,False,False,7074.45,A
2025-03-01,PRD-00001,WH-001,370,48.5,7.63,False,False,False,1831.5,B
2025-03-01,PRD-00002,WH-001,175,37.7,4.64,False,False,False,565.25,C
2025-03-01,PRD-00003,WH-002,0,0.0,8.08,True,False,False,0.0,B
2025-03-01,PRD-00004,WH-002,218,39.4,5.53,False,False,False,2711.92,A
2025-03-01,PRD-00005,WH-001,819,129.0,6.35,False,False,False,4594.59,B
2025-03-01,PRD-00006,WH-002,404,84.4,4.79,False,False,False,3126.96,B
2025-03-01,PRD-00007,WH-003,0,0.0,6.11,True,False,False,0.0,A
2025-03-01,PRD-00008,WH-002,112,27.3,4.11,False,False,False,420.0,C
2025-03-01,PRD-00009,WH-002,648,88.7,7.31,False,False,False,3129.84,B
2025-03-01,PRD-00010,WH-003,0,0.0,5.57,True,False,False,0.0,C
2025-03-01,PRD-00011,WH-003,660,131.4,5.02,False,False,False,8639.4,A
2025-03-01,PRD-00012,WH-003,1256,151.0,8.32,False,False,False,10449.92,A
2025-03-01,PRD-00013,WH-002,78,11.0,7.11,False,False,True,738.66,A
2025-03-01,PRD-00014,WH-001,607,71.1,8.54,False,False,False,4528.22,A
2025-03-01,PRD-00015,WH-001,175,27.8,6.29,False,False,False,428.75,C
2025-03-01,PRD-00016,WH-001,397,60.4,6.57,False,False,False,1675.34,B
2025-03-01,PRD-00017,WH-002,422,100.2,4.21,False,False,False,5954.42,A
2025-03-01,PRD-00018,WH-002,282,75.0,3.76,False,False,False,4551.48,A
2025-03-01,PRD-00019,WH-001,239,52.6,4.55,False,False,False,585.55,C
2025-03-01,PRD-00020,WH-003,704,102.6,6.86,False,False,False,5610.88,A
2025-03-01,PRD-00021,WH-001,176,34.3,5.13,False,False,False,1752.96,A
2025-03-01,PRD-00022,WH-001,317,85.2,3.72,False,False,False,843.22,C
2025-03-01,PRD-00023,WH-002,336,55.8,6.02,False,False,False,1424.64,B
2025-03-01,PRD-00024,WH-002,415,87.4,4.75,False,False,False,2531.5,B
2025-03-01,PRD-00025,WH-002,100,15.5,6.43,False,False,False,826.0,A
2025-03-01,PRD-00026,WH-001,517,104.7,4.94,False,False,False,6183.32,A
2025-03-01,PRD-00027,WH-001,403,92.4,4.36,False,False,False,4489.42,A
2025-03-01,PRD-00028,WH-003,127,16.4,7.73,False,False,False,982.98,A
2025-03-01,PRD-00029,WH-002,158,39.3,4.02,False,False,False,584.6,C
2025-03-01,PRD-00030,WH-001,158,19.8,8.0,False,False,False,1154.98,A
2025-03-01,PRD-00031,WH-001,324,55.9,5.79,False,False,False,1775.52,B
2025-03-01,PRD-00032,WH-001,1156,135.5,8.53,False,True,False,1849.6,C
2025-03-01,PRD-00033,WH-001,705,97.6,7.23,False,False,False,5992.5,A
2025-03-01,PRD-00034,WH-001,598,120.6,4.96,False,True,False,1542.84,C
2025-03-01,PRD-00035,WH-001,370,51.6,7.17,False,False,False,3278.2,A
2025-03-01,PRD-00036,WH-001,93,17.0,5.46,False,False,False,578.46,B
2025-03-01,PRD-00037,WH-002,0,0.0,5.79,True,False,False,0.0,B
2025-03-01,PRD-00038,WH-002,569,235.5,2.42,False,False,False,10776.86,A
2025-03-01,PRD-00039,WH-001,112,59.5,1.88,False,False,False,3078.88,A
2025-03-01,PRD-00040,WH-003,443,75.1,5.9,False,False,False,2817.48,A
2025-03-01,PRD-00041,WH-002,84,35.0,2.4,False,False,False,1514.52,A
2025-03-01,PRD-00042,WH-002,121,64.3,1.88,False,False,False,2461.14,A
2025-03-01,PRD-00043,WH-001,241,51.1,4.71,False,False,False,2410.0,A
2025-03-01,PRD-00044,WH-002,0,0.0,1.82,True,False,False,0.0,A
2025-03-01,PRD-00045,WH-002,0,0.0,2.2,True,False,False,0.0,A
2025-03-01,PRD-00046,WH-001,0,0.0,5.7,True,False,False,0.0,B
2025-03-01,PRD-00047,WH-002,245,57.0,4.3,False,False,False,894.25,C
2025-03-01,PRD-00048,WH-003,205,25.3,8.11,False,False,False,998.35,B
2025-03-01,PRD-00049,WH-003,975,144.7,6.74,False,False,False,10325.25,A
2025-03-01,PRD-00050,WH-002,604,88.9,6.8,False,False,False,6009.8,A
2025-04-01,PRD-00001,WH-001,124,15.4,8.05,False,False,False,613.8,B
2025-04-01,PRD-00002,WH-003,312,63.7,4.9,False,False,False,1007.76,C
2025-04-01,PRD-00003,WH-001,585,68.6,8.53,False,False,False,2568.15,B
2025-04-01,PRD-00004,WH-003,238,40.8,5.84,False,False,False,2960.72,A
2025-04-01,PRD-00005,WH-002,67,10.0,6.7,False,False,False,375.87,B
2025-04-01,PRD-00006,WH-002,481,95.2,5.05,False,False,False,3722.94,B
2025-04-01,PRD-00007,WH-001,618,95.8,6.45,False,False,False,6451.92,A
2025-04-01,PRD-00008,WH-001,15,3.5,4.34,False,False,False,56.25,C
2025-04-01,PRD-00009,WH-003,299,38.8,7.71,False,False,False,1444.17,B
2025-04-01,PRD-00010,WH-002,189,32.1,5.88,False,False,False,508.41,C
2025-04-01,PRD-00011,WH-001,464,87.5,5.3,False,False,False,6073.76,A
2025-04-01,PRD-00012,WH-001,945,107.7,8.78,False,False,False,7862.4,A
2025-04-01,PRD-00013,WH-001,0,0.0,7.5,True,False,False,0.0,A
2025-04-01,PRD-00014,WH-001,811,90.0,9.01,False,False,False,6050.06,A
2025-04-01,PRD-00015,WH-001,264,39.7,6.64,False,False,False,646.8,C
2025-04-01,PRD-00016,WH-003,280,40.4,6.93,False,False,False,1181.6,B
2025-04-01,PRD-00017,WH-002,140,31.5,4.44,False,False,False,1975.4,A
2025-04-01,PRD-00018,WH-001,122,30.7,3.97,False,False,False,1969.08,A
2025-04-01,PRD-00019,WH-001,162,33.8,4.8,False,False,False,396.9,C
2025-04-01,PRD-00020,WH-001,462,63.8,7.25,False,False,False,3682.14,A
2025-04-01,PRD-00021,WH-002,316,58.4,5.41,False,False,False,3147.36,A
2025-04-01,PRD-00022,WH-001,662,168.6,3.93,False,True,False,1760.92,C
2025-04-01,PRD-00023,WH-002,444,69.8,6.36,False,False,False,1882.56,B
2025-04-01,PRD-00024,WH-002,260,51.9,5.01,False,False,False,1586.0,B
2025-04-01,PRD-00025,WH-002,216,31.8,6.79,False,False,False,1784.16,A
2025-04-01,PRD-00026,WH-002,600,115.2,5.21,False,False,False,7176.0,A
2025-04-01,PRD-00027,WH-002,215,46.7,4.6,False,False,False,2395.1,A
2025-04-01,PRD-00028,WH-002,257,31.5,8.16,False,False,False,1989.18,A
2025-04-01,PRD-00029,WH-003,402,94.8,4.24,False,True,False,1487.4,C
2025-04-01,PRD-00030,WH-003,159,18.8,8.44,False,False,False,1162.29,A
2025-04-01,PRD-00031,WH-002,599,98.0,6.11,False,False,False,3282.52,B
2025-04-01,PRD-00032,WH-002,685,76.1,9.0,False,False,False,1096.0,C
2025-04-01,PRD-00033,WH-003,544,71.3,7.63,False,False,False,4624.0,A
2025-04-01,PRD-00034,WH-002,0,0.0,5.23,True,False,False,0.0,C
2025-04-01,PRD-00035,WH-001,261,34.5,7.57,False,False,False,2312.46,A
2025-04-01,PRD-00036,WH-003,0,0.0,5.76,True,False,False,0.0,B
2025-04-01,PRD-00037,WH-002,0,0.0,6.11,True,False,False,0.0,B
2025-04-01,PRD-00038,WH-002,236,92.5,2.55,False,False,False,4469.84,A
2025-04-01,PRD-00039,WH-002,101,50.8,1.99,False,False,False,2776.49,A
2025-04-01,PRD-00040,WH-003,328,52.7,6.23,False,False,False,2086.08,A
2025-04-01,PRD-00041,WH-001,0,0.0,2.53,True,False,False,0.0,A
2025-04-01,PRD-00042,WH-002,199,100.2,1.99,False,False,False,4047.66,A
2025-04-01,PRD-00043,WH-002,627,126.0,4.98,False,False,False,6270.0,A
2025-04-01,PRD-00044,WH-002,0,0.0,1.92,True,False,False,0.0,A
2025-04-01,PRD-00045,WH-003,84,36.2,2.32,False,False,False,1524.6,A
2025-04-01,PRD-00046,WH-002,151,25.1,6.01,False,False,False,992.07,B
2025-04-01,PRD-00047,WH-001,0,0.0,4.53,True,False,False,0.0,C
2025-04-01,PRD-00048,WH-003,239,27.9,8.56,False,False,False,1163.93,B
2025-04-01,PRD-00049,WH-001,714,100.4,7.11,False,False,False,7561.26,A
2025-04-01,PRD-00050,WH-001,647,90.2,7.17,False,False,False,6437.65,A
2025-05-01,PRD-00001,WH-001,0,0.0,8.47,True,False,False,0.0,B
2025-05-01,PRD-00002,WH-002,597,115.8,5.15,False,True,False,1928.31,C
2025-05-01,PRD-00003,WH-003,392,43.7,8.98,False,False,False,1720.88,B
2025-05-01,PRD-00004,WH-003,254,41.3,6.15,False,False,False,3159.76,A
2025-05-01,PRD-00005,WH-002,372,52.7,7.05,False,False,False,2086.92,B
2025-05-01,PRD-00006,WH-002,290,54.5,5.32,False,False,False,2244.6,B
2025-05-01,PRD-00007,WH-003,732,107.8,6.79,False,False,False,7642.08,A
2025-05-01,PRD-00008,WH-001,279,61.1,4.57,False,False,False,1046.25,C
2025-05-01,PRD-00009,WH-003,219,27.0,8.12,False,False,False,1057.77,B
2025-05-01,PRD-00010,WH-002,0,0.0,6.19,True,False,False,0.0,C
2025-05-01,PRD-00011,WH-002,794,142.3,5.58,False,False,False,10393.46,A
2025-05-01,PRD-00012,WH-003,1064,115.1,9.24,False,False,False,8852.48,A
2025-05-01,PRD-00013,WH-003,30,3.8,7.89,False,False,True,284.1,A
2025-05-01,PRD-00014,WH-001,230,24.3,9.48,False,False,False,1715.8,A
2025-05-01,PRD-00015,WH-002,81,11.6,6.99,False,False,False,198.45,C
2025-05-01,PRD-00016,WH-001,406,55.6,7.3,False,False,False,1713.32,B
2025-05-01,PRD-00017,WH-002,77,16.5,4.68,False,False,False,1086.47,A
2025-05-01,PRD-00018,WH-002,1,0.2,4.18,False,False,True,16.14,A
2025-05-01,PRD-00019,WH-001,184,36.4,5.05,False,False,False,450.8,C
2025-05-01,PRD-00020,WH-003,153,20.1,7.63,False,False,False,1219.41,A
2025-05-01,PRD-00021,WH-002,472,82.9,5.7,False,False,False,4701.12,A
2025-05-01,PRD-00022,WH-002,353,85.4,4.13,False,False,False,938.98,C
2025-05-01,PRD-00023,WH-002,767,114.6,6.69,False,False,False,3252.08,B
2025-05-01,PRD-00024,WH-001,283,53.7,5.27,False,False,False,1726.3,B
2025-05-01,PRD-00025,WH-001,7,1.0,7.15,False,False,True,57.82,A
2025-05-01,PRD-00026,WH-002,523,95.4,5.48,False,False,False,6255.08,A
2025-05-01,PRD-00027,WH-001,144,29.7,4.85,False,False,False,1604.16,A
2025-05-01,PRD-00028,WH-002,296,34.5,8.59,False,False,False,2291.04,A
2025-05-01,PRD-00029,WH-001,416,93.2,4.46,False,True,False,1539.2,C
2025-05-01,PRD-00030,WH-003,705,79.4,8.88,False,False,False,5153.55,A
2025-05-01,PRD-00031,WH-002,643,99.9,6.44,False,False,False,3523.64,B
2025-05-01,PRD-00032,WH-003,234,24.7,9.48,False,False,False,374.4,C
2025-05-01,PRD-00033,WH-002,0,0.0,8.03,True,False,False,0.0,A
2025-05-01,PRD-00034,WH-002,20,3.6,5.51,False,False,False,51.6,C
2025-05-01,PRD-00035,WH-002,97,12.2,7.97,False,False,True,859.42,A
2025-05-01,PRD-00036,WH-002,25,4.1,6.07,False,False,False,155.5,B
2025-05-01,PRD-00037,WH-001,465,72.3,6.44,False,False,False,2817.9,B
2025-05-01,PRD-00038,WH-002,293,109.1,2.68,False,False,False,5549.42,A
2025-05-01,PRD-00039,WH-001,172,82.2,2.09,False,False,False,4728.28,A
2025-05-01,PRD-00040,WH-003,1073,163.7,6.55,False,False,False,6824.28,A
2025-05-01,PRD-00041,WH-003,246,92.3,2.66,False,False,False,4435.38,A
2025-05-01,PRD-00042,WH-002,116,55.5,2.09,False,False,False,2359.44,A
2025-05-01,PRD-00043,WH-002,363,69.3,5.24,False,False,False,3630.0,A
2025-05-01,PRD-00044,WH-001,0,0.0,2.02,True,False,False,0.0,A
2025-05-01,PRD-00045,WH-003,255,104.4,2.44,False,False,False,4628.25,A
2025-05-01,PRD-00046,WH-001,548,86.6,6.33,False,False,False,3600.36,B
2025-05-01,PRD-00047,WH-001,79,16.6,4.77,False,False,False,288.35,C
2025-05-01,PRD-00048,WH-002,515,57.2,9.01,False,False,False,2508.05,B
2025-05-01,PRD-00049,WH-002,370,49.4,7.49,False,False,False,3918.3,A
2025-05-01,PRD-00050,WH-001,524,69.4,7.55,False,False,False,5213.8,A
2025-06-01,PRD-00001,WH-003,627,70.5,8.9,False,False,False,3103.65,B
2025-06-01,PRD-00002,WH-001,417,77.0,5.41,False,False,False,1346.91,C
2025-06-01,PRD-00003,WH-002,80,8.5,9.43,False,False,False,351.2,B
2025-06-01,PRD-00004,WH-002,244,37.8,6.45,False,False,False,3035.36,A
2025-06-01,PRD-00005,WH-002,968,130.7,7.4,False,False,False,5430.48,B
2025-06-01,PRD-00006,WH-003,122,21.8,5.59,False,False,False,944.28,B
2025-06-01,PRD-00007,WH-001,537,75.4,7.13,False,False,False,5606.28,A
2025-06-01,PRD-00008,WH-001,684,142.7,4.79,False,True,False,2565.0,C
2025-06-01,PRD-00009,WH-003,910,106.8,8.52,False,False,False,4395.3,B
2025-06-01,PRD-00010,WH-003,174,26.8,6.5,False,False,False,468.06,C
2025-06-01,PRD-00011,WH-003,458,78.2,5.86,False,False,False,5995.22,A
2025-06-01,PRD-00012,WH-002,470,48.4,9.7,False,False,False,3910.4,A
2025-06-01,PRD-00013,WH-001,393,47.4,8.29,False,False,False,3721.71,A
2025-06-01,PRD-00014,WH-002,1007,101.1,9.96,False,False,False,7512.22,A
2025-06-01,PRD-00015,WH-003,12,1.6,7.34,False,False,False,29.4,C
2025-06-01,PRD-00016,WH-002,309,40.3,7.66,False,False,False,1303.98,B
2025-06-01,PRD-00017,WH-001,558,113.6,4.91,False,False,False,7873.38,A
2025-06-01,PRD-00018,WH-002,0,0.0,4.39,True,False,False,0.0,A
2025-06-01,PRD-00019,WH-002,179,33.8,5.3,False,False,False,438.55,C
2025-06-01,PRD-00020,WH-002,902,112.6,8.01,False,False,False,7188.94,A
2025-06-01,PRD-00021,WH-001,701,117.2,5.98,False,False,False,6981.96,A
2025-06-01,PRD-00022,WH-002,795,183.2,4.34,False,True,False,2114.7,C
2025-06-01,PRD-00023,WH-003,45,6.4,7.03,False,False,False,190.8,B
2025-06-01,PRD-00024,WH-003,200,36.1,5.54,False,False,False,1220.0,B
2025-06-01,PRD-00025,WH-003,0,0.0,7.51,True,False,False,0.0,A
2025-06-01,PRD-00026,WH-002,706,122.6,5.76,False,False,False,8443.76,A
2025-06-01,PRD-00027,WH-001,228,44.8,5.09,False,False,False,2539.92,A
2025-06-01,PRD-00028,WH-001,1033,114.6,9.02,False,False,False,7995.42,A
2025-06-01,PRD-00029,WH-002,296,63.1,4.69,False,False,False,1095.2,C
2025-06-01,PRD-00030,WH-001,351,37.6,9.33,False,False,False,2565.81,A
2025-06-01,PRD-00031,WH-002,285,42.2,6.76,False,False,False,1561.8,B
2025-06-01,PRD-00032,WH-002,319,32.1,9.95,False,False,False,510.4,C
2025-06-01,PRD-00033,WH-001,479,56.8,8.43,False,False,False,4071.5,A
2025-06-01,PRD-00034,WH-001,738,127.6,5.79,False,True,False,1904.04,C
2025-06-01,PRD-00035,WH-003,0,0.0,8.37,True,False,False,0.0,A
2025-06-01,PRD-00036,WH-003,130,20.4,6.37,False,False,False,808.6,B
2025-06-01,PRD-00037,WH-001,241,35.7,6.76,False,False,False,1460.46,B
2025-06-01,PRD-00038,WH-001,427,151.5,2.82,False,False,False,8087.38,A
2025-06-01,PRD-00039,WH-002,7,3.2,2.2,False,False,True,192.43,A
2025-06-01,PRD-00040,WH-003,469,68.1,6.88,False,False,False,2982.84,A
2025-06-01,PRD-00041,WH-002,203,72.6,2.8,False,False,False,3660.09,A
2025-06-01,PRD-00042,WH-001,206,93.8,2.2,False,False,False,4190.04,A
2025-06-01,PRD-00043,WH-001,427,77.6,5.5,False,False,False,4270.0,A
2025-06-01,PRD-00044,WH-001,0,0.0,2.12,True,False,False,0.0,A
2025-06-01,PRD-00045,WH-003,0,0.0,2.57,True,False,False,0.0,A
2025-06-01,PRD-00046,WH-002,733,110.3,6.65,False,False,False,4815.81,B
2025-06-01,PRD-00047,WH-001,460,91.8,5.01,False,True,False,1679.0,C
2025-06-01,PRD-00048,WH-002,318,33.6,9.46,False,False,False,1548.66,B
2025-06-01,PRD-00049,WH-003,935,118.9,7.86,False,False,False,9901.65,A
2025-06-01,PRD-00050,WH-001,551,69.5,7.93,False,False,False,5482.45,A
2025-07-01,PRD-00001,WH-002,0,0.0,9.32,True,False,False,0.0,B
2025-07-01,PRD-00002,WH-001,332,58.6,5.67,False,False,False,1072.36,C
2025-07-01,PRD-00003,WH-002,306,31.0,9.87,False,False,False,1343.34,B
2025-07-01,PRD-00004,WH-002,206,30.5,6.76,False,False,False,2562.64,A
2025-07-01,PRD-00005,WH-002,51,6.6,7.76,False,False,False,286.11,B
2025-07-01,PRD-00006,WH-003,113,19.3,5.85,False,False,False,874.62,B
2025-07-01,PRD-00007,WH-001,621,83.2,7.47,False,False,False,6483.24,A
2025-07-01,PRD-00008,WH-003,76,15.1,5.02,False,False,False,285.0,C
2025-07-01,PRD-00009,WH-001,25,2.8,8.93,False,False,False,120.75,B
2025-07-01,PRD-00010,WH-001,192,28.2,6.81,False,False,False,516.48,C
2025-07-01,PRD-00011,WH-003,947,154.3,6.14,False,False,False,12396.23,A
2025-07-01,PRD-00012,WH-001,661,65.0,10.16,False,False,False,5499.52,A
2025-07-01,PRD-00013,WH-001,24,2.8,8.68,False,False,True,227.28,A
2025-07-01,PRD-00014,WH-003,266,25.5,10.43,False,False,False,1984.36,A
2025-07-01,PRD-00015,WH-001,633,82.3,7.69,False,False,False,1550.85,C
2025-07-01,PRD-00016,WH-003,95,11.8,8.03,False,False,False,400.9,B
2025-07-01,PRD-00017,WH-003,167,32.5,5.15,False,False,False,2356.37,A
2025-07-01,PRD-00018,WH-001,0,0.0,4.6,True,False,False,0.0,A
2025-07-01,PRD-00019,WH-002,65,11.7,5.56,False,False,False,159.25,C
2025-07-01,PRD-00020,WH-001,686,81.8,8.39,False,False,False,5467.42,A
2025-07-01,PRD-00021,WH-001,20,3.2,6.27,False,False,True,199.2,A
2025-07-01,PRD-00022,WH-002,0,0.0,4.55,True,False,False,0.0,C
2025-07-01,PRD-00023,WH-003,117,15.9,7.36,False,False,False,496.08,B
2025-07-01,PRD-00024,WH-002,53,9.1,5.8,False,False,False,323.3,B
2025-07-01,PRD-00025,WH-001,259,32.9,7.86,False,False,False,2139.34,A
2025-07-01,PRD-00026,WH-003,79,13.1,6.03,False,False,True,944.84,A
2025-07-01,PRD-00027,WH-001,495,92.8,5.33,False,False,False,5514.3,A
2025-07-01,PRD-00028,WH-003,412,43.6,9.45,False,False,False,3188.88,A
2025-07-01,PRD-00029,WH-001,283,57.6,4.91,False,False,False,1047.1,C
2025-07-01,PRD-00030,WH-003,582,59.6,9.77,False,False,False,4254.42,A
2025-07-01,PRD-00031,WH-001,206,29.1,7.08,False,False,False,1128.88,B
2025-07-01,PRD-00032,WH-003,440,42.2,10.43,False,False,False,704.0,C
2025-07-01,PRD-00033,WH-003,464,52.5,8.83,False,False,False,3944.0,A
2025-07-01,PRD-00034,WH-002,85,14.0,6.06,False,False,False,219.3,C
2025-07-01,PRD-00035,WH-002,0,0.0,8.77,True,False,False,0.0,A
2025-07-01,PRD-00036,WH-001,0,0.0,6.67,True,False,False,0.0,B
2025-07-01,PRD-00037,WH-001,83,11.7,7.08,False,False,False,502.98,B
2025-07-01,PRD-00038,WH-001,285,96.5,2.95,False,False,False,5397.9,A
2025-07-01,PRD-00039,WH-002,57,24.8,2.3,False,False,False,1566.93,A
2025-07-01,PRD-00040,WH-001,436,60.5,7.21,False,False,False,2772.96,A
2025-07-01,PRD-00041,WH-002,141,48.1,2.93,False,False,False,2542.23,A
2025-07-01,PRD-00042,WH-001,121,52.6,2.3,False,False,False,2461.14,A
2025-07-01,PRD-00043,WH-003,0,0.0,5.76,True,False,False,0.0,A
2025-07-01,PRD-00044,WH-003,0,0.0,2.23,True,False,False,0.0,A
2025-07-01,PRD-00045,WH-002,0,0.0,2.69,True,False,False,0.0,A
2025-07-01,PRD-00046,WH-001,214,30.7,6.96,False,False,False,1405.98,B
2025-07-01,PRD-00047,WH-003,100,19.0,5.25,False,False,False,365.0,C
2025-07-01,PRD-00048,WH-001,0,0.0,9.91,True,False,False,0.0,B
2025-07-01,PRD-00049,WH-001,904,109.8,8.24,False,False,False,9573.36,A
2025-07-01,PRD-00050,WH-003,683,82.2,8.31,False,False,False,6795.85,A
2025-08-01,PRD-00001,WH-001,859,96.5,8.9,False,False,False,4252.05,B
2025-08-01,PRD-00002,WH-002,284,52.5,5.41,False,False,False,917.32,C
2025-08-01,PRD-00003,WH-003,687,72.9,9.43,False,False,False,3015.93,B
2025-08-01,PRD-00004,WH-003,553,85.7,6.45,False,False,False,6879.32,A
2025-08-01,PRD-00005,WH-002,725,97.9,7.4,False,False,False,4067.25,B
2025-08-01,PRD-00006,WH-001,194,34.7,5.59,False,False,False,1501.56,B
2025-08-01,PRD-00007,WH-002,682,95.7,7.13,False,False,False,7120.08,A
2025-08-01,PRD-00008,WH-001,57,11.9,4.79,False,False,False,213.75,C
2025-08-01,PRD-00009,WH-002,0,0.0,8.52,True,False,False,0.0,B
2025-08-01,PRD-00010,WH-002,239,36.8,6.5,False,False,False,642.91,C
2025-08-01,PRD-00011,WH-001,1208,206.2,5.86,False,False,False,15812.72,A
2025-08-01,PRD-00012,WH-001,307,31.6,9.7,False,False,False,2554.24,A
2025-08-01,PRD-00013,WH-002,0,0.0,8.29,True,False,False,0.0,A
2025-08-01,PRD-00014,WH-001,855,85.9,9.96,False,False,False,6378.3,A
2025-08-01,PRD-00015,WH-002,181,24.7,7.34,False,False,False,443.45,C
2025-08-01,PRD-00016,WH-002,339,44.2,7.66,False,False,False,1430.58,B
2025-08-01,PRD-00017,WH-002,0,0.0,4.91,True,False,False,0.0,A
2025-08-01,PRD-00018,WH-002,0,0.0,4.39,True,False,False,0.0,A
2025-08-01,PRD-00019,WH-003,389,73.4,5.3,False,False,False,953.05,C
2025-08-01,PRD-00020,WH-002,153,19.1,8.01,False,False,False,1219.41,A
2025-08-01,PRD-00021,WH-001,1287,215.2,5.98,False,False,False,12818.52,A
2025-08-01,PRD-00022,WH-003,799,184.2,4.34,False,True,False,2125.34,C
2025-08-01,PRD-00023,WH-002,131,18.6,7.03,False,False,False,555.44,B
2025-08-01,PRD-00024,WH-003,105,19.0,5.54,False,False,False,640.5,B
2025-08-01,PRD-00025,WH-001,0,0.0,7.51,True,False,False,0.0,A
2025-08-01,PRD-00026,WH-002,393,68.2,5.76,False,False,False,4700.28,A
2025-08-01,PRD-00027,WH-001,579,113.8,5.09,False,False,False,6450.06,A
2025-08-01,PRD-00028,WH-002,1061,117.7,9.02,False,False,False,8212.14,A
2025-08-01,PRD-00029,WH-003,0,0.0,4.69,True,False,False,0.0,C
2025-08-01,PRD-00030,WH-002,407,43.6,9.33,False,False,False,2975.17,A
2025-08-01,PRD-00031,WH-002,89,13.2,6.76,False,False,False,487.72,B
2025-08-01,PRD-00032,WH-003,347,34.9,9.95,False,False,False,555.2,C
2025-08-01,PRD-00033,WH-001,517,61.3,8.43,False,False,False,4394.5,A
2025-08-01,PRD-00034,WH-001,603,104.2,5.79,False,True,False,1555.74,C
2025-08-01,PRD-00035,WH-002,995,118.9,8.37,False,False,False,8815.7,A
2025-08-01,PRD-00036,WH-002,461,72.4,6.37,False,False,False,2867.42,B
2025-08-01,PRD-00037,WH-002,243,36.0,6.76,False,False,False,1472.58,B
2025-08-01,PRD-00038,WH-002,423,150.0,2.82,False,False,False,8011.62,A
2025-08-01,PRD-00039,WH-001,160,72.9,2.2,False,False,False,4398.4,A
2025-08-01,PRD-00040,WH-003,421,61.2,6.88,False,False,False,2677.56,A
2025-08-01,PRD-00041,WH-003,134,47.9,2.8,False,False,False,2416.02,A
2025-08-01,PRD-00042,WH-001,73,33.2,2.2,False,False,False,1484.82,A
2025-08-01,PRD-00043,WH-001,247,44.9,5.5,False,False,False,2470.0,A
2025-08-01,PRD-00044,WH-002,0,0.0,2.12,True,False,False,0.0,A
2025-08-01,PRD-00045,WH-002,82,32.0,2.57,False,False,False,1488.3,A
2025-08-01,PRD-00046,WH-003,0,0.0,6.65,True,False,False,0.0,B
2025-08-01,PRD-00047,WH-001,249,49.7,5.01,False,False,False,908.85,C
2025-08-01,PRD-00048,WH-001,1145,121.0,9.46,False,False,False,5576.15,B
2025-08-01,PRD-00049,WH-003,703,89.4,7.86,False,False,False,7444.77,A
2025-08-01,PRD-00050,WH-002,41,5.2,7.93,False,False,True,407.95,A
2025-09-01,PRD-00001,WH-001,0,0.0,8.47,True,False,False,0.0,B
2025-09-01,PRD-00002,WH-003,414,80.3,5.15,False,False,False,1337.22,C
2025-09-01,PRD-00003,WH-003,0,0.0,8.98,True,False,False,0.0,B
2025-09-01,PRD-00004,WH-002,0,0.0,6.15,True,False,False,0.0,A
2025-09-01,PRD-00005,WH-002,203,28.8,7.05,False,False,False,1138.83,B
2025-09-01,PRD-00006,WH-002,211,39.7,5.32,False,False,False,1633.14,B
2025-09-01,PRD-00007,WH-001,263,38.7,6.79,False,False,False,2745.72,A
2025-09-01,PRD-00008,WH-001,289,63.3,4.57,False,False,False,1083.75,C
2025-09-01,PRD-00009,WH-003,1075,132.4,8.12,False,False,False,5192.25,B
2025-09-01,PRD-00010,WH-003,427,69.0,6.19,False,False,False,1148.63,C
2025-09-01,PRD-00011,WH-002,1148,205.7,5.58,False,False,False,15027.32,A
2025-09-01,PRD-00012,WH-003,838,90.7,9.24,False,False,False,6972.16,A
2025-09-01,PRD-00013,WH-002,0,0.0,7.89,True,False,False,0.0,A
2025-09-01,PRD-00014,WH-001,109,11.5,9.48,False,False,True,813.14,A
2025-09-01,PRD-00015,WH-001,783,112.0,6.99,False,True,False,1918.35,C
2025-09-01,PRD-00016,WH-003,774,106.0,7.3,False,False,False,3266.28,B
2025-09-01,PRD-00017,WH-001,0,0.0,4.68,True,False,False,0.0,A
2025-09-01,PRD-00018,WH-002,0,0.0,4.18,True,False,False,0.0,A
2025-09-01,PRD-00019,WH-002,220,43.6,5.05,False,False,False,539.0,C
2025-09-01,PRD-00020,WH-002,0,0.0,7.63,True,False,False,0.0,A
2025-09-01,PRD-00021,WH-003,189,33.2,5.7,False,False,False,1882.44,A
2025-09-01,PRD-00022,WH-002,756,183.0,4.13,False,True,False,2010.96,C
2025-09-01,PRD-00023,WH-001,0,0.0,6.69,True,False,False,0.0,B
2025-09-01,PRD-00024,WH-003,75,14.2,5.27,False,False,False,457.5,B
2025-09-01,PRD-00025,WH-003,522,73.0,7.15,False,False,False,4311.72,A
2025-09-01,PRD-00026,WH-002,103,18.8,5.48,False,False,False,1231.88,A
2025-09-01,PRD-00027,WH-001,445,91.8,4.85,False,False,False,4957.3,A
2025-09-01,PRD-00028,WH-001,432,50.3,8.59,False,False,False,3343.68,A
2025-09-01,PRD-00029,WH-002,23,5.2,4.46,False,False,False,85.1,C
2025-09-01,PRD-00030,WH-001,13,1.5,8.88,False,False,True,95.03,A
2025-09-01,PRD-00031,WH-001,0,0.0,6.44,True,False,False,0.0,B
2025-09-01,PRD-00032,WH-002,876,92.4,9.48,False,True,False,1401.6,C
2025-09-01,PRD-00033,WH-001,0,0.0,8.03,True,False,False,0.0,A
2025-09-01,PRD-00034,WH-002,254,46.1,5.51,False,False,False,655.32,C
2025-09-01,PRD-00035,WH-002,287,36.0,7.97,False,False,False,2542.82,A
2025-09-01,PRD-00036,WH-002,523,86.2,6.07,False,False,False,3253.06,B
2025-09-01,PRD-00037,WH-002,0,0.0,6.44,True,False,False,0.0,B
2025-09-01,PRD-00038,WH-001,431,160.5,2.68,False,False,False,8163.14,A
2025-09-01,PRD-00039,WH-003,180,86.1,2.09,False,False,False,4948.2,A
2025-09-01,PRD-00040,WH-001,148,22.6,6.55,False,False,False,941.28,A
2025-09-01,PRD-00041,WH-001,343,128.7,2.66,False,False,False,6184.29,A
2025-09-01,PRD-00042,WH-003,162,77.5,2.09,False,False,False,3295.08,A
2025-09-01,PRD-00043,WH-001,457,87.2,5.24,False,False,False,4570.0,A
2025-09-01,PRD-00044,WH-001,184,91.0,2.02,False,False,False,5015.84,A
2025-09-01,PRD-00045,WH-002,93,38.1,2.44,False,False,False,1687.95,A
2025-09-01,PRD-00046,WH-003,0,0.0,6.33,True,False,False,0.0,B
2025-09-01,PRD-00047,WH-002,0,0.0,4.77,True,False,False,0.0,C
2025-09-01,PRD-00048,WH-001,595,66.0,9.01,False,False,False,2897.65,B
2025-09-01,PRD-00049,WH-002,1301,173.8,7.49,False,False,False,13777.59,A
2025-09-01,PRD-00050,WH-001,985,130.5,7.55,False,False,False,9800.75,A
2025-10-01,PRD-00001,WH-002,0,0.0,9.32,True,False,False,0.0,B
2025-10-01,PRD-00002,WH-003,318,56.1,5.67,False,False,False,1027.14,C
2025-10-01,PRD-00003,WH-001,1052,106.5,9.87,False,False,False,4618.28,B
2025-10-01,PRD-00004,WH-002,77,11.4,6.76,False,False,True,957.88,A
2025-10-01,PRD-00005,WH-002,0,0.0,7.76,True,False,False,0.0,B
2025-10-01,PRD-00006,WH-001,255,43.6,5.85,False,False,False,1973.7,B
2025-10-01,PRD-00007,WH-001,807,108.1,7.47,False,False,False,8425.08,A
2025-10-01,PRD-00008,WH-001,658,131.0,5.02,False,True,False,2467.5,C
2025-10-01,PRD-00009,WH-001,348,39.0,8.93,False,False,False,1680.84,B
2025-10-01,PRD-00010,WH-003,338,49.6,6.81,False,False,False,909.22,C
2025-10-01,PRD-00011,WH-001,1031,168.0,6.14,False,False,False,13495.79,A
2025-10-01,PRD-00012,WH-003,0,0.0,10.16,True,False,False,0.0,A
2025-10-01,PRD-00013,WH-003,226,26.0,8.68,False,False,False,2140.22,A
2025-10-01,PRD-00014,WH-001,127,12.2,10.43,False,False,True,947.42,A
2025-10-01,PRD-00015,WH-001,338,43.9,7.69,False,False,False,828.1,C
2025-10-01,PRD-00016,WH-001,0,0.0,8.03,True,False,False,0.0,B
2025-10-01,PRD-00017,WH-001,0,0.0,5.15,True,False,False,0.0,A
2025-10-01,PRD-00018,WH-001,0,0.0,4.6,True,False,False,0.0,A
2025-10-01,PRD-00019,WH-001,200,36.0,5.56,False,False,False,490.0,C
2025-10-01,PRD-00020,WH-003,403,48.0,8.39,False,False,False,3211.91,A
2025-10-01,PRD-00021,WH-002,301,48.0,6.27,False,False,False,2997.96,A
2025-10-01,PRD-00022,WH-002,572,125.8,4.55,False,True,False,1521.52,C
2025-10-01,PRD-00023,WH-001,0,0.0,7.36,True,False,False,0.0,B
2025-10-01,PRD-00024,WH-002,432,74.5,5.8,False,False,False,2635.2,B
2025-10-01,PRD-00025,WH-003,431,54.8,7.86,False,False,False,3560.06,A
2025-10-01,PRD-00026,WH-002,75,12.4,6.03,False,False,True,897.0,A
2025-10-01,PRD-00027,WH-002,374,70.2,5.33,False,False,False,4166.36,A
2025-10-01,PRD-00028,WH-001,1222,129.4,9.45,False,False,False,9458.28,A
2025-10-01,PRD-00029,WH-001,211,43.0,4.91,False,False,False,780.7,C
2025-10-01,PRD-00030,WH-003,228,23.3,9.77,False,False,False,1666.68,A
2025-10-01,PRD-00031,WH-002,294,41.5,7.08,False,False,False,1611.12,B
2025-10-01,PRD-00032,WH-003,699,67.0,10.43,False,False,False,1118.4,C
2025-10-01,PRD-00033,WH-002,486,55.0,8.83,False,False,False,4131.0,A
2025-10-01,PRD-00034,WH-003,164,27.1,6.06,False,False,False,423.12,C
2025-10-01,PRD-00035,WH-002,230,26.2,8.77,False,False,False,2037.8,A
2025-10-01,PRD-00036,WH-001,0,0.0,6.67,True,False,False,0.0,B
2025-10-01,PRD-00037,WH-001,410,57.9,7.08,False,False,False,2484.6,B
2025-10-01,PRD-00038,WH-003,477,161.5,2.95,False,False,False,9034.38,A
2025-10-01,PRD-00039,WH-003,402,174.7,2.3,False,False,False,11050.98,A
2025-10-01,PRD-00040,WH-003,496,68.8,7.21,False,False,False,3154.56,A
2025-10-01,PRD-00041,WH-002,245,83.6,2.93,False,False,False,4417.35,A
2025-10-01,PRD-00042,WH-001,0,0.0,2.3,True,False,False,0.0,A
2025-10-01,PRD-00043,WH-001,190,33.0,5.76,False,False,False,1900.0,A
2025-10-01,PRD-00044,WH-003,138,62.0,2.23,False,False,False,3761.88,A
2025-10-01,PRD-00045,WH-003,219,81.5,2.69,False,False,False,3974.85,A
2025-10-01,PRD-00046,WH-002,213,30.6,6.96,False,False,False,1399.41,B
2025-10-01,PRD-00047,WH-003,505,96.2,5.25,False,True,False,1843.25,C
2025-10-01,PRD-00048,WH-001,377,38.0,9.91,False,False,False,1835.99,B
2025-10-01,PRD-00049,WH-003,985,119.6,8.24,False,False,False,10431.15,A
2025-10-01,PRD-00050,WH-001,1094,131.7,8.31,False,False,False,10885.3,A
2025-11-01,PRD-00001,WH-003,575,50.3,11.44,False,False,False,2846.25,B
2025-11-01,PRD-00002,WH-003,530,76.2,6.96,False,False,False,1711.9,C
2025-11-01,PRD-00003,WH-003,0,0.0,12.12,True,False,False,0.0,B
2025-11-01,PRD-00004,WH-003,621,74.8,8.3,False,False,False,7725.24,A
2025-11-01,PRD-00005,WH-003,367,38.5,9.52,False,False,False,2058.87,B
2025-11-01,PRD-00006,WH-003,586,81.6,7.18,False,False,False,4535.64,B
2025-11-01,PRD-00007,WH-002,465,50.7,9.16,False,False,False,4854.6,A
2025-11-01,PRD-00008,WH-002,359,58.2,6.16,False,False,False,1346.25,C
2025-11-01,PRD-00009,WH-002,0,0.0,10.96,True,False,False,0.0,B
2025-11-01,PRD-00010,WH-001,371,44.4,8.36,False,False,False,997.99,C
2025-11-01,PRD-00011,WH-002,948,125.9,7.53,False,False,False,12409.32,A
2025-11-01,PRD-00012,WH-001,0,37.2,12.47,True,False,False,0.0,A
2025-11-01,PRD-00013,WH-003,0,0.0,10.66,True,False,False,0.0,A
2025-11-01,PRD-00014,WH-003,666,52.0,12.8,False,False,False,4968.36,A
2025-11-01,PRD-00015,WH-003,13,1.4,9.44,False,False,False,31.85,C
2025-11-01,PRD-00016,WH-001,0,0.0,9.85,True,False,False,0.0,B
2025-11-01,PRD-00017,WH-002,855,135.4,6.31,False,False,False,12064.05,A
2025-11-01,PRD-00018,WH-001,0,0.0,5.64,True,False,False,0.0,A
2025-11-01,PRD-00019,WH-002,0,0.0,6.82,True,False,False,0.0,C
2025-11-01,PRD-00020,WH-002,760,73.8,10.3,False,False,False,6057.2,A
2025-11-01,PRD-00021,WH-002,0,0.0,7.69,True,False,False,0.0,A
2025-11-01,PRD-00022,WH-001,300,53.8,5.58,False,False,False,798.0,C
2025-11-01,PRD-00023,WH-003,36,4.0,9.04,False,False,False,152.64,B
2025-11-01,PRD-00024,WH-002,250,35.1,7.12,False,False,False,1525.0,B
2025-11-01,PRD-00025,WH-002,433,44.9,9.65,False,False,False,3576.58,A
2025-11-01,PRD-00026,WH-002,405,54.7,7.4,False,False,False,4843.8,A
2025-11-01,PRD-00027,WH-001,149,22.8,6.54,False,False,False,1659.86,A
2025-11-01,PRD-00028,WH-003,0,0.0,11.59,True,False,False,0.0,A
2025-11-01,PRD-00029,WH-002,0,0.0,6.03,True,False,False,0.0,C
2025-11-01,PRD-00030,WH-003,0,0.0,11.99,True,False,False,0.0,A
2025-11-01,PRD-00031,WH-002,6,0.7,8.69,False,False,False,32.88,B
2025-11-01,PRD-00032,WH-002,595,46.5,12.8,False,False,False,952.0,C
2025-11-01,PRD-00033,WH-003,0,101.9,10.84,True,False,False,0.0,A
2025-11-01,PRD-00034,WH-003,0,0.0,7.44,True,False,False,0.0,C
2025-11-01,PRD-00035,WH-002,353,32.8,10.76,False,False,False,3127.58,A
2025-11-01,PRD-00036,WH-001,353,43.1,8.19,False,False,False,2195.66,B
2025-11-01,PRD-00037,WH-001,802,92.3,8.69,False,False,False,4860.12,B
2025-11-01,PRD-00038,WH-003,693,191.2,3.62,False,False,False,13125.42,A
2025-11-01,PRD-00039,WH-001,401,142.0,2.82,False,False,False,11023.49,A
2025-11-01,PRD-00040,WH-002,0,0.0,8.85,True,False,False,0.0,A
2025-11-01,PRD-00041,WH-001,0,0.0,3.6,True,False,False,0.0,A
2025-11-01,PRD-00042,WH-002,161,57.0,2.82,False,False,False,3274.74,A
2025-11-01,PRD-00043,WH-003,721,101.9,7.07,False,False,False,7210.0,A
2025-11-01,PRD-00044,WH-001,0,0.0,2.73,True,False,False,0.0,A
2025-11-01,PRD-00045,WH-001,5,1.5,3.3,False,False,True,90.75,A
2025-11-01,PRD-00046,WH-001,697,81.6,8.54,False,False,False,4579.29,B
2025-11-01,PRD-00047,WH-003,489,75.9,6.44,False,False,False,1784.85,C
2025-11-01,PRD-00048,WH-002,1190,97.8,12.16,False,False,False,5795.3,B
2025-11-01,PRD-00049,WH-002,0,0.0,10.11,True,False,False,0.0,A
2025-11-01,PRD-00050,WH-001,0,64.3,10.19,True,False,False,0.0,A
2025-12-01,PRD-00001,WH-002,7,0.6,12.71,False,False,False,34.65,B
2025-12-01,PRD-00002,WH-003,699,90.4,7.73,False,True,False,2257.77,C
2025-12-01,PRD-00003,WH-003,301,22.4,13.46,False,False,False,1321.39,B
2025-12-01,PRD-00004,WH-003,0,0.0,9.22,True,False,False,0.0,A
2025-12-01,PRD-00005,WH-003,1287,121.7,10.58,False,False,False,7220.07,B
2025-12-01,PRD-00006,WH-001,34,4.3,7.98,False,False,False,263.16,B
2025-12-01,PRD-00007,WH-003,938,92.1,10.18,False,False,False,9792.72,A
2025-12-01,PRD-00008,WH-003,231,33.7,6.85,False,False,False,866.25,C
2025-12-01,PRD-00009,WH-001,966,79.3,12.18,False,False,False,4665.78,B
2025-12-01,PRD-00010,WH-002,0,0.0,9.29,True,False,False,0.0,C
2025-12-01,PRD-00011,WH-003,859,102.6,8.37,False,False,False,11244.31,A
2025-12-01,PRD-00012,WH-002,1901,137.2,13.86,False,False,False,15816.32,A
2025-12-01,PRD-00013,WH-003,168,14.2,11.84,False,False,False,1590.96,A
2025-12-01,PRD-00014,WH-003,231,16.2,14.23,False,False,False,1723.26,A
2025-12-01,PRD-00015,WH-003,483,46.0,10.49,False,False,False,1183.35,C
2025-12-01,PRD-00016,WH-002,110,10.0,10.95,False,False,False,464.2,B
2025-12-01,PRD-00017,WH-002,0,0.0,7.02,True,False,False,0.0,A
2025-12-01,PRD-00018,WH-002,0,0.0,6.27,True,False,False,0.0,A
2025-12-01,PRD-00019,WH-002,237,31.3,7.58,False,False,False,580.65,C
2025-12-01,PRD-00020,WH-002,876,76.6,11.44,False,False,False,6981.72,A
2025-12-01,PRD-00021,WH-003,487,57.0,8.54,False,False,False,4850.52,A
2025-12-01,PRD-00022,WH-001,0,0.0,6.2,True,False,False,0.0,C
2025-12-01,PRD-00023,WH-003,287,28.6,10.04,False,False,False,1216.88,B
2025-12-01,PRD-00024,WH-002,438,55.4,7.91,False,False,False,2671.8,B
2025-12-01,PRD-00025,WH-003,0,4.1,10.72,True,False,True,0.0,A
2025-12-01,PRD-00026,WH-003,766,93.1,8.23,False,False,False,9161.36,A
2025-12-01,PRD-00027,WH-002,0,0.0,7.27,True,False,False,0.0,A
2025-12-01,PRD-00028,WH-003,0,0.0,12.88,True,False,False,0.0,A
2025-12-01,PRD-00029,WH-003,414,61.8,6.7,False,False,False,1531.8,C
2025-12-01,PRD-00030,WH-001,108,8.1,13.33,False,False,True,789.48,A
2025-12-01,PRD-00031,WH-003,0,0.0,9.65,True,False,False,0.0,B
2025-12-01,PRD-00032,WH-003,460,32.4,14.22,False,False,False,736.0,C
2025-12-01,PRD-00033,WH-003,542,45.0,12.04,False,False,False,4607.0,A
2025-12-01,PRD-00034,WH-002,411,49.7,8.26,False,False,False,1060.38,C
2025-12-01,PRD-00035,WH-002,625,52.3,11.96,False,False,False,5537.5,A
2025-12-01,PRD-00036,WH-003,545,59.9,9.1,False,False,False,3389.9,B
2025-12-01,PRD-00037,WH-001,69,7.1,9.65,False,False,False,418.14,B
2025-12-01,PRD-00038,WH-003,482,119.7,4.03,False,False,False,9129.08,A
2025-12-01,PRD-00039,WH-002,141,44.9,3.14,False,False,False,3876.09,A
2025-12-01,PRD-00040,WH-001,0,54.4,9.83,True,False,False,0.0,A
2025-12-01,PRD-00041,WH-002,355,88.8,4.0,False,False,False,6400.65,A
2025-12-01,PRD-00042,WH-003,134,42.7,3.14,False,False,False,2725.56,A
2025-12-01,PRD-00043,WH-001,0,53.8,7.86,True,False,False,0.0,A
2025-12-01,PRD-00044,WH-003,100,33.0,3.03,False,False,False,2726.0,A
2025-12-01,PRD-00045,WH-003,159,43.4,3.66,False,False,False,2885.85,A
2025-12-01,PRD-00046,WH-003,0,0.0,9.49,True,False,False,0.0,B
2025-12-01,PRD-00047,WH-002,330,46.1,7.16,False,False,False,1204.5,C
2025-12-01,PRD-00048,WH-002,320,23.7,13.51,False,False,False,1558.4,B
2025-12-01,PRD-00049,WH-002,674,60.0,11.23,False,False,False,7137.66,A
2025-12-01,PRD-00050,WH-001,114,10.1,11.33,False,False,True,1134.3,A
